code,date,open,high,low,close,change,volume,money,traded_market_value,market_value,turnover,adjust_price,report_type,report_date,PE_TTM,PS_TTM,PC_TTM,PB,adjust_price_f
sh600017,2014/12/31,4.61,4.68,4.57,4.65,0.006494,33565171,155777150,12232437220,14301790580,0.012759,14.916519,2014/9/30,2014/10/29,18.809628,2.812591,14.16341,1.43963,4.652698
sh600017,2014/12/30,4.8,4.8,4.6,4.62,-0.039501,50942403,237631380,12153518270,14209520960,0.019365,14.820276,2014/9/30,2014/10/29,18.688266,2.794444,14.072026,1.430342,4.622679
sh600017,2014/12/29,4.9,4.94,4.75,4.81,-0.020367,67933491,328920568,12653338280,14793895200,0.025824,15.429767,2014/9/30,2014/10/29,19.45683,2.909367,14.650745,1.489165,4.812789
sh600017,2014/12/26,4.85,5,4.74,4.91,0.018672,88304472,430536539,12916401450,15101460590,0.033568,15.750559,2014/9/30,2014/10/29,19.861346,2.969854,14.955341,1.520126,4.912849
sh600017,2014/12/25,4.67,4.84,4.67,4.82,0.03212,67092289,321045774,12679644600,14824651740,0.025504,15.461855,2014/9/30,2014/10/29,19.497293,2.915417,14.681213,1.492262,4.822797
sh600017,2014/12/24,4.66,4.74,4.6,4.67,0.002146,48280689,224923526,12285049850,14363303660,0.018353,14.980676,2014/9/30,2014/10/29,18.890529,2.824688,14.224328,1.445822,4.67271
sh600017,2014/12/23,4.61,4.74,4.51,4.66,0.008658,64854573,300195046,12258743540,14332547120,0.024654,14.948596,2014/9/30,2014/10/29,18.850077,2.818639,14.193868,1.442726,4.662704
sh600017,2014/12/22,5.02,5.05,4.6,4.62,-0.066667,116819625,557712276,12153518270,14209520960,0.044407,14.820282,2014/9/30,2014/10/29,18.688274,2.794445,14.072032,1.430342,4.622681
sh600017,2014/12/19,4.73,5.06,4.73,4.95,0.044304,150649471,741140251,13021626720,15224486750,0.057267,15.87888,2014/9/30,2014/10/29,20.023158,2.994049,15.077183,1.53251,4.952874
sh600017,2014/12/18,4.75,4.82,4.66,4.74,-0.008368,64281068,304131710,12469194070,14578599430,0.024436,15.205227,2014/9/30,2014/10/29,19.173687,2.867029,14.437542,1.467494,4.742751
sh600017,2014/12/17,4.74,4.87,4.64,4.78,0.004202,86756343,412848005,12574419330,14701625580,0.032979,15.333538,2014/9/30,2014/10/29,19.335486,2.891222,14.559375,1.479878,4.782773
sh600017,2014/12/16,4.68,4.79,4.58,4.76,0.012766,75439333,354304415,12521806700,14640112510,0.028677,15.269376,2014/9/30,2014/10/29,19.254578,2.879124,14.498452,1.473686,4.76276
sh600017,2014/12/15,4.8,4.83,4.54,4.7,-0.018789,86876514,404167336,12363968800,14455573270,0.033025,15.076905,2014/9/30,2014/10/29,19.011873,2.842833,14.315698,1.45511,4.702725
sh600017,2014/12/12,4.97,4.99,4.7,4.79,-0.036217,124670537,596935690,12600725650,14732382120,0.047392,15.365609,2014/9/30,2014/10/29,19.375927,2.897269,14.589826,1.482973,4.792777
sh600017,2014/12/11,4.9,5.23,4.85,4.97,0.020534,213589718,1073207157,13074239350,15285999820,0.081193,15.943017,2014/9/30,2014/10/29,20.104035,3.006143,15.138082,1.5387,4.972879
sh600017,2014/12/10,4.45,4.87,4.4,4.87,0.099323,181697227,847383000,12811176180,14978434430,0.06907,15.62223,2014/9/30,2014/10/29,19.699525,2.945657,14.833491,1.50774,4.872821
sh600017,2014/12/9,4.44,4.88,4.32,4.43,-0.002252,239513892,1116528978,11653698250,13625146720,0.091048,14.210774,2014/9/30,2014/10/29,17.919688,2.679519,13.493296,1.371517,4.432565
sh600017,2014/12/8,4.18,4.45,4.18,4.44,0.072464,169046301,736391077,11680004570,13655903260,0.064261,14.242849,2014/9/30,2014/10/29,17.960134,2.685567,13.523752,1.374613,4.44257
sh600017,2014/12/5,4.27,4.28,4.01,4.14,-0.034965,107584350,447598786,10890815070,12733207100,0.040897,13.280491,2014/9/30,2014/10/29,16.746608,2.504109,12.609982,1.281733,4.142395
sh600017,2014/12/4,4.18,4.3,4.15,4.29,0.023866,124480609,528452392,11285409820,13194555180,0.04732,13.761668,2014/9/30,2014/10/29,17.353368,2.594838,13.066865,1.328173,4.292482
sh600017,2014/12/3,4.16,4.24,4.12,4.19,0.004796,96764478,403394594,11022346660,12886989790,0.036784,13.440888,2014/9/30,2014/10/29,16.948866,2.534353,12.762281,1.297214,4.192426
sh600017,2014/12/2,4.13,4.2,4.11,4.17,0.009685,64304094,266811108,10969734020,12825476710,0.024444,13.376733,2014/9/30,2014/10/29,16.867968,2.522256,12.701365,1.291022,4.172415
sh600017,2014/12/1,4.2,4.22,4.11,4.13,-0.01432,60416033,251351917,10864508760,12702450560,0.022966,13.248422,2014/9/30,2014/10/29,16.706168,2.498062,12.579532,1.278638,4.132392
sh600017,2014/11/28,4.15,4.24,4.12,4.19,0.007212,73837489,309025385,11022346660,12886989790,0.028068,13.440895,2014/9/30,2014/10/29,16.948876,2.534354,12.762288,1.297214,4.192428
sh600017,2014/11/27,4.21,4.21,4.11,4.16,-0.00716,58946691,244541768,10943427710,12794720170,0.022408,13.344654,2014/9/30,2014/10/29,16.827516,2.516207,12.670905,1.287926,4.162409
sh600017,2014/11/26,4.25,4.27,4.13,4.19,-0.014118,66684094,279195420,11022346660,12886989790,0.025349,13.440891,2014/9/30,2014/10/29,16.94887,2.534353,12.762283,1.297214,4.192426
sh600017,2014/11/25,4.13,4.3,4.12,4.25,0.029056,96395314,405593646,11180184560,13071529020,0.036643,13.633366,2014/9/30,2014/10/29,17.191581,2.570646,12.945041,1.31579,4.252463
sh600017,2014/11/24,4.15,4.17,4.07,4.13,0.00978,64899868,267768135,10864508760,12702450560,0.024671,13.24842,2014/9/30,2014/10/29,16.706167,2.498062,12.579531,1.278638,4.132392
sh600017,2014/11/21,4.05,4.11,4.04,4.09,0.004914,40476785,165147228,10759283490,12579424400,0.015387,13.120106,2014/9/30,2014/10/29,16.544363,2.473867,12.457694,1.266254,4.092369
sh600017,2014/11/20,4.07,4.12,4.03,4.07,-0.014528,46165436,187461449,10706670860,12517911320,0.017549,13.055949,2014/9/30,2014/10/29,16.463461,2.46177,12.396777,1.260062,4.072357
sh600017,2014/11/19,4.11,4.24,4.03,4.13,0.007317,85193958,354442081,10864508760,12702450560,0.032385,13.248422,2014/9/30,2014/10/29,16.706169,2.498062,12.579532,1.278638,4.132392
sh600017,2014/11/18,4.05,4.17,4.04,4.1,0.01737,63437670,259869763,10785589810,12610180940,0.024115,13.152187,2014/9/30,2014/10/29,16.584817,2.479917,12.488156,1.26935,4.102375
sh600017,2014/11/17,3.94,4.09,3.92,4.03,0.022843,51429434,206857725,10601445590,12394885170,0.01955,12.927634,2014/9/30,2014/10/29,16.301658,2.437576,12.27494,1.247678,4.032334
sh600017,2014/11/14,4,4,3.9,3.94,-0.022333,45576264,179361324,10364688740,12118076320,0.017325,12.638923,2014/9/30,2014/10/29,15.937595,2.383138,12.000806,1.219814,3.94228
sh600017,2014/11/13,4.1,4.1,3.99,4.03,-0.021845,61656251,247994606,10601445590,12394885170,0.023438,12.927636,2014/9/30,2014/10/29,16.30166,2.437576,12.274942,1.247678,4.032334
sh600017,2014/11/12,4.07,4.13,3.98,4.12,0,84053633,341139699,10838202440,12671694020,0.031952,13.216347,2014/9/30,2014/10/29,16.665723,2.492014,12.549077,1.275543,4.122388
sh600017,2014/11/11,4.42,4.42,4.1,4.12,-0.074157,166262308,700447264,10838202440,12671694020,0.063202,13.216347,2014/9/30,2014/10/29,16.665723,2.492014,12.549077,1.275543,4.122388
sh600017,2014/11/10,4.15,4.48,4.11,4.45,0.080097,180931805,780709743,11706310890,13686659800,0.068779,14.274934,2014/9/30,2014/10/29,18.000593,2.691617,13.554217,1.377709,4.452578
sh600017,2014/11/7,4.17,4.19,4.06,4.12,-0.002421,83990429,345832594,10838202440,12671694020,0.031928,13.216344,2014/9/30,2014/10/29,16.665719,2.492014,12.549074,1.275542,4.122387
sh600017,2014/11/6,4.08,4.21,4.04,4.13,-0.011962,94435244,388181259,10864508760,12702450560,0.035898,13.248418,2014/9/30,2014/10/29,16.706164,2.498062,12.579529,1.278638,4.132391
sh600017,2014/11/5,4.23,4.36,4.02,4.18,-0.002387,151615602,637897397,10996040340,12856233250,0.057635,13.408815,2014/9/30,2014/10/29,16.908423,2.528305,12.731827,1.294118,4.182422
sh600017,2014/11/4,4.29,4.6,4.17,4.19,-0.030093,221585788,964363361,11022346660,12886989790,0.084233,13.440898,2014/9/30,2014/10/29,16.94888,2.534355,12.762291,1.297215,4.192429
sh600017,2014/11/3,3.98,4.34,3.95,4.32,0.093671,181129801,757930024,11364328770,13286824800,0.068854,13.857925,2014/9/30,2014/10/29,17.474747,2.612987,13.158262,1.337463,4.322506
sh600017,2014/10/31,3.98,4.05,3.84,3.95,0,209350182,827169743,10390995060,12148832860,0.079582,12.671018,2014/9/30,2014/10/29,15.978066,2.38919,12.03128,1.222911,3.952291
sh600017,2014/10/30,3.57,3.95,3.55,3.95,0.100279,250858191,978393249,10390995060,12148832860,0.09536,12.671018,2014/9/30,2014/10/29,15.978066,2.38919,12.03128,1.222911,3.952291
sh600017,2014/10/29,3.47,3.63,3.45,3.59,0.034582,81046414,288409482,9443967660,11041597460,0.030809,11.516186,2014/9/30,2014/10/29,14.521831,2.17144,10.934754,1.111456,3.592081
sh600017,2014/10/28,3.43,3.48,3.43,3.47,0.020588,25339130,87465902,9128291860,10672518990,0.009632,11.131245,2014/6/30,2014/8/19,13.421659,2.102066,10.419124,1.093086,3.472012
sh600017,2014/10/27,3.39,3.44,3.36,3.4,0.00295,14481851,49254123,8944147640,10457223220,0.005505,10.906698,2014/6/30,2014/8/19,13.150908,2.059661,10.208942,1.071035,3.401972
sh600017,2014/10/24,3.38,3.43,3.35,3.39,-0.002941,15841863,53672676,8917841330,10426466680,0.006022,10.874618,2014/6/30,2014/8/19,13.112227,2.053603,10.178915,1.067885,3.391966
sh600017,2014/10/23,3.36,3.41,3.27,3.4,0.011905,25893573,86630584,8944147640,10457223220,0.009843,10.906695,2014/6/30,2014/8/19,13.150904,2.059661,10.208939,1.071035,3.401971
sh600017,2014/10/22,3.4,3.44,3.35,3.36,-0.011765,16409601,55703512,8838922380,10334197060,0.006238,10.778378,2014/6/30,2014/8/19,12.996185,2.035429,10.088832,1.058434,3.361947
sh600017,2014/10/21,3.45,3.49,3.4,3.4,-0.017341,17391206,59811364,8944147640,10457223220,0.006611,10.906695,2014/6/30,2014/8/19,13.150905,2.059661,10.20894,1.071035,3.401971
sh600017,2014/10/20,3.35,3.47,3.35,3.46,0.032836,33833610,116032113,9101985540,10641762450,0.012861,11.099166,2014/6/30,2014/8/19,13.382979,2.096008,10.389097,1.089936,3.462006
sh600017,2014/10/17,3.42,3.43,3.28,3.35,-0.023324,33539677,112481112,8812616060,10303440520,0.01275,10.746301,2014/6/30,2014/8/19,12.957506,2.029371,10.058806,1.055284,3.351941
sh600017,2014/10/16,3.48,3.52,3.43,3.43,-0.022792,26406685,91840760,9023066590,10549492840,0.010038,11.002933,2014/6/30,2014/8/19,13.266945,2.077835,10.29902,1.080486,3.431989
sh600017,2014/10/15,3.53,3.53,3.46,3.51,-0.005666,22130002,77369373,9233517130,10795545150,0.008412,11.259561,2014/6/30,2014/8/19,13.576378,2.126297,10.539231,1.105686,3.512035
sh600017,2014/10/14,3.51,3.57,3.5,3.53,0,24396033,86026224,9286129760,10857058220,0.009274,11.323721,2014/6/30,2014/8/19,13.65374,2.138414,10.599286,1.111987,3.532048
sh600017,2014/10/13,3.56,3.58,3.47,3.53,-0.011204,34067658,119964335,9286129760,10857058220,0.01295,11.323721,2014/6/30,2014/8/19,13.65374,2.138414,10.599286,1.111987,3.532048
sh600017,2014/10/10,3.6,3.62,3.56,3.57,-0.013812,33259025,119069334,9391355030,10980084380,0.012643,11.45203,2014/6/30,2014/8/19,13.808449,2.162644,10.719386,1.124587,3.572069
sh600017,2014/10/9,3.64,3.66,3.57,3.62,-0.005495,40263961,145444954,9522886610,11133867070,0.015306,11.61242,2014/6/30,2014/8/19,14.001843,2.192933,10.869516,1.140337,3.622098
sh600017,2014/10/8,3.62,3.68,3.58,3.64,0.013928,48279862,174991431,9575499240,11195380150,0.018353,11.676583,2014/6/30,2014/8/19,14.079208,2.205049,10.929574,1.146638,3.642111
sh600017,2014/9/30,3.59,3.64,3.55,3.59,0.002793,33464484,119873803,9443967660,11041597460,0.012721,11.516186,2014/6/30,2014/8/19,13.885807,2.174759,10.779438,1.130887,3.592081
sh600017,2014/9/29,3.57,3.64,3.56,3.58,0.005618,35711768,128299832,9417661340,11010840920,0.013575,11.484111,2014/6/30,2014/8/19,13.847132,2.168702,10.749415,1.127737,3.582076
sh600017,2014/9/26,3.56,3.64,3.53,3.56,-0.008357,44266725,158241391,9365048710,10949327840,0.016827,11.419953,2014/6/30,2014/8/19,13.769773,2.156586,10.689362,1.121437,3.562064
sh600017,2014/9/25,3.5,3.74,3.47,3.59,0.025714,95299894,343769733,9443967660,11041597460,0.036227,11.516194,2014/6/30,2014/8/19,13.885817,2.174761,10.779446,1.130888,3.592083
sh600017,2014/9/24,3.48,3.51,3.44,3.5,0.002865,33760402,117308252,9207210810,10764788610,0.012834,11.22749,2014/6/30,2014/8/19,13.537708,2.120241,10.509212,1.102537,3.502032
sh600017,2014/9/23,3.47,3.52,3.44,3.49,0,28334191,98593058,9180904490,10734032070,0.010771,11.195416,2014/6/30,2014/8/19,13.499033,2.114184,10.479189,1.099387,3.492027
sh600017,2014/9/22,3.44,3.55,3.42,3.49,0.002874,43234105,150661506,9180904490,10734032070,0.016435,11.195416,2014/6/30,2014/8/19,13.499033,2.114184,10.479189,1.099387,3.492027
sh600017,2014/9/19,3.5,3.52,3.43,3.48,-0.016949,41389127,143475607,9154598180,10703275530,0.015734,11.163332,2014/6/30,2014/8/19,13.460348,2.108125,10.449158,1.096237,3.48202
sh600017,2014/9/18,3.52,3.7,3.45,3.54,0.002833,78289757,279033780,9312436080,10887814760,0.029761,11.355802,2014/6/30,2014/8/19,13.692421,2.144472,10.629314,1.115137,3.542054
sh600017,2014/9/17,3.35,3.54,3.27,3.53,0.047478,81783043,280666796,9286129760,10857058220,0.031089,11.323722,2014/6/30,2014/8/19,13.65374,2.138414,10.599287,1.111987,3.532048
sh600017,2014/9/16,3.54,3.54,3.35,3.37,-0.048023,64985403,223509629,8865228690,10364953600,0.024703,10.810462,2014/6/30,2014/8/19,13.034871,2.041488,10.118863,1.061585,3.371954
sh600017,2014/9/15,3.56,3.64,3.5,3.54,-0.002817,63013717,224004327,9312436080,10887814760,0.023954,11.355802,2014/6/30,2014/8/19,13.692422,2.144472,10.629315,1.115137,3.542054
sh600017,2014/9/12,3.5,3.63,3.45,3.55,0.005666,57630344,203019869,9338742390,10918571300,0.021907,11.387882,2014/6/30,2014/8/19,13.731102,2.15053,10.659342,1.118287,3.552061
sh600017,2014/9/11,3.42,3.75,3.38,3.53,0.020231,95821810,341806660,9286129760,10857058220,0.036425,11.323722,2014/6/30,2014/8/19,13.65374,2.138414,10.599287,1.111987,3.532048
sh600017,2014/9/10,3.41,3.5,3.31,3.46,0.002899,69908100,237239969,9101985540,10641762450,0.026575,11.099174,2014/6/30,2014/8/19,13.382989,2.096009,10.389105,1.089936,3.462008
sh600017,2014/9/9,3.37,3.52,3.31,3.45,0.023739,89911670,310293380,9075679230,10611005910,0.034179,11.067091,2014/6/30,2014/8/19,13.344304,2.089951,10.359074,1.086786,3.452001
sh600017,2014/9/5,3.25,3.48,3.18,3.37,0.040123,104911937,352608493,8865228690,10364953600,0.039881,10.810461,2014/6/30,2014/8/19,13.034869,2.041488,10.118862,1.061585,3.371954
sh600017,2014/9/4,3.16,3.25,3.14,3.24,0.028571,50270447,160940263,8523246580,9965118600,0.01911,10.393445,2014/6/30,2014/8/19,12.532046,1.962737,9.728524,1.020634,3.24188
sh600017,2014/9/3,3.25,3.31,3.12,3.15,-0.018692,74475043,238696132,8286489730,9688309750,0.028311,10.104742,2014/6/30,2014/8/19,12.183938,1.908217,9.458292,0.992283,3.151829
sh600017,2014/9/2,3.02,3.3,3.02,3.21,0.066445,97335319,309286405,8444327630,9872848980,0.037001,10.297218,2014/6/30,2014/8/19,12.416019,1.944565,9.638454,1.011185,3.211865
sh600017,2014/9/1,2.95,3.05,2.93,3.01,0.020339,21793570,65232368,7918201300,9257718200,0.008285,9.655648,2014/6/30,2014/8/19,11.642437,1.823409,9.037928,0.948183,3.01175
sh600017,2014/8/29,2.93,2.95,2.9,2.95,0.006826,15081636,44087280,7760363400,9073178970,0.005733,9.463177,2014/6/30,2014/8/19,11.410362,1.787061,8.85777,0.929282,2.951715
sh600017,2014/8/28,2.98,3,2.92,2.93,-0.020067,19243866,56678193,7707750760,9011665890,0.007315,9.399019,2014/6/30,2014/8/19,11.333003,1.774946,8.797717,0.922982,2.931703
sh600017,2014/8/27,3.02,3.04,2.97,2.99,-0.016447,24272263,72771448,7865588660,9196205130,0.009227,9.591492,2014/6/30,2014/8/19,11.565079,1.811293,8.977876,0.941882,2.991738
sh600017,2014/8/26,3.08,3.15,3,3.04,-0.016181,45072909,138474901,7997120250,9349987820,0.017134,9.751881,2014/6/30,2014/8/19,11.758471,1.841581,9.128004,0.957633,3.041766
sh600017,2014/8/25,3.09,3.16,3.07,3.09,-0.01278,52040322,161565390,8128651830,9503770510,0.019782,9.912271,2014/6/30,2014/8/19,11.951864,1.87187,9.278134,0.973383,3.091794
sh600017,2014/8/22,2.97,3.19,2.95,3.13,0.050336,85632179,265025812,8233877100,9626796670,0.032552,10.04059,2014/6/30,2014/8/19,12.106586,1.896102,9.398243,0.985984,3.131819
sh600017,2014/8/21,2.96,2.99,2.91,2.98,0.003367,36433898,107480464,7839282350,9165448590,0.01385,9.559408,2014/6/30,2014/8/19,11.526393,1.805234,8.947845,0.938732,2.981731
sh600017,2014/8/20,2.93,3.05,2.91,2.97,0.017123,49855608,149324071,7812976030,9134692050,0.018952,9.527329,2014/6/30,2014/8/19,11.487714,1.799176,8.917818,0.935582,2.971725
sh600017,2014/8/19,2.92,2.93,2.89,2.92,-0.006803,24017090,69905084,7681444450,8980909350,0.00913,9.366939,2014/6/30,2014/8/19,11.294322,1.768888,8.767689,0.919831,2.921697
sh600017,2014/8/18,2.94,2.96,2.91,2.94,0.020833,38424275,112660739,7734057080,9042422430,0.014606,9.431099,2014/3/31,2014/4/17,11.591767,1.833507,10.998327,0.951102,2.941709
sh600017,2014/8/15,2.85,2.89,2.84,2.88,0.010526,16994122,48817032,7576219180,8857883200,0.00646,9.23863,2014/3/31,2014/4/17,11.355204,1.796089,10.773875,0.931692,2.881675
sh600017,2014/8/14,2.87,2.9,2.84,2.85,-0.010417,22052422,63382650,7497300230,8765613580,0.008383,9.142398,2014/3/31,2014/4/17,11.236924,1.77738,10.66165,0.921987,2.851658
sh600017,2014/8/13,2.9,2.9,2.84,2.88,-0.006897,15599690,44742515,7576219180,8857883200,0.00593,9.238636,2014/3/31,2014/4/17,11.355211,1.79609,10.773882,0.931692,2.881677
sh600017,2014/8/12,2.88,2.9,2.85,2.9,0.006944,16883192,48497081,7628831810,8919396280,0.006418,9.302798,2014/3/31,2014/4/17,11.434072,1.808564,10.848705,0.938163,2.90169
sh600017,2014/8/11,2.84,2.89,2.84,2.88,0.010526,17801192,51144783,7576219180,8857883200,0.006767,9.238645,2014/3/31,2014/4/17,11.355221,1.796092,10.773891,0.931693,2.881679
sh600017,2014/8/8,2.84,2.86,2.82,2.85,0.003521,15070890,42761187,7497300230,8765613580,0.005729,9.142412,2014/3/31,2014/4/17,11.236941,1.777383,10.661667,0.921988,2.851663
sh600017,2014/8/7,2.88,2.9,2.83,2.84,-0.013889,25610385,73187351,7470993910,8734857040,0.009735,9.110334,2014/3/31,2014/4/17,11.197515,1.771147,10.624259,0.918753,2.841657
sh600017,2014/8/6,2.9,2.9,2.85,2.88,-0.013699,36642666,105419381,7576219180,8857883200,0.013929,9.23865,2014/3/31,2014/4/17,11.355228,1.796093,10.773897,0.931694,2.881681
sh600017,2014/8/5,2.83,2.96,2.81,2.92,0.035461,72364505,209534191,7681444450,8980909350,0.027508,9.366968,2014/3/31,2014/4/17,11.512943,1.821039,10.923539,0.944634,2.921706
sh600017,2014/8/4,2.79,2.82,2.78,2.82,0.010753,16105040,45238236,7418381280,8673343960,0.006122,9.046181,2014/3/31,2014/4/17,11.118664,1.758675,10.549445,0.912284,2.821647
sh600017,2014/8/1,2.82,2.84,2.78,2.79,-0.014134,22516479,63378030,7339462330,8581074350,0.008559,8.949942,2014/3/31,2014/4/17,11.000377,1.739965,10.437214,0.902578,2.791629
sh600017,2014/7/31,2.81,2.83,2.8,2.83,0.007117,20342174,57347759,7444687600,8704100500,0.007733,9.078255,2014/3/31,2014/4/17,11.158086,1.76491,10.586848,0.915518,2.831651
sh600017,2014/7/30,2.81,2.84,2.79,2.81,-0.003546,22232181,62502748,7392074960,8642587430,0.008451,9.014101,2014/3/31,2014/4/17,11.079235,1.752438,10.512034,0.909048,2.811641
sh600017,2014/7/29,2.81,2.84,2.79,2.82,0.003559,28986234,81674892,7418381280,8673343960,0.011019,9.046179,2014/3/31,2014/4/17,11.118662,1.758675,10.549442,0.912283,2.821646
sh600017,2014/7/28,2.77,2.82,2.76,2.81,0.018116,31799451,88930649,7392074960,8642587430,0.012088,9.014098,2014/3/31,2014/4/17,11.079231,1.752438,10.51203,0.909048,2.81164
sh600017,2014/7/25,2.75,2.77,2.73,2.76,0.007299,15407726,42379842,7260543380,8488804730,0.005857,8.853704,2014/3/31,2014/4/17,10.882091,1.721255,10.324983,0.892873,2.76161
sh600017,2014/7/24,2.73,2.76,2.71,2.74,-0.007246,21774941,59561698,7207930750,8427291650,0.008277,8.789549,2014/3/31,2014/4/17,10.803238,1.708783,10.250167,0.886403,2.741599
sh600017,2014/7/23,2.71,2.81,2.69,2.76,0.014706,35957247,99155793,7260543380,8488804730,0.013669,8.853703,2014/3/31,2014/4/17,10.882089,1.721255,10.324981,0.892873,2.76161
sh600017,2014/7/22,2.69,2.73,2.68,2.72,0.007407,17012844,46094252,7155318120,8365778580,0.006467,8.725388,2014/3/31,2014/4/17,10.724377,1.696309,10.175343,0.879932,2.721586
sh600017,2014/7/21,2.77,2.77,2.69,2.7,-0.025271,22977739,62451966,7102705480,8304265500,0.008735,8.661234,2014/3/31,2014/4/17,10.645525,1.683837,10.100528,0.873463,2.701576
sh600017,2014/7/18,2.77,2.79,2.75,2.77,-0.007168,13895429,38521211,7286849700,8519561270,0.005282,8.885786,2014/3/31,2014/4/17,10.921523,1.727493,10.362396,0.896108,2.771617
sh600017,2014/7/17,2.81,2.81,2.76,2.79,-0.014134,15611246,43441827,7339462330,8581074350,0.005934,8.94994,2014/3/31,2014/4/17,11.000374,1.739965,10.43721,0.902578,2.791628
sh600017,2014/7/16,2.77,2.84,2.75,2.83,0.017986,32786099,91801819,7444687600,8704100500,0.012463,9.078252,2014/3/31,2014/4/17,11.158082,1.76491,10.586845,0.915518,2.83165
sh600017,2014/7/15,2.8,2.8,2.76,2.78,-0.010676,21510665,59703828,7313156010,8550317810,0.008177,8.917855,2014/3/31,2014/4/17,10.960939,1.733727,10.399794,0.899342,2.78162
sh600017,2014/7/14,2.8,2.81,2.77,2.81,0.003571,22515170,62868747,7392074960,8642587430,0.008559,9.01409,2014/3/31,2014/4/17,11.07922,1.752436,10.51202,0.909047,2.811637
sh600017,2014/7/11,2.75,2.81,2.75,2.8,0.021898,28293032,78809360,7365768650,8611830890,0.010755,8.982015,2014/3/31,2014/4/17,11.039797,1.7462,10.474616,0.905813,2.801633
sh600017,2014/7/10,2.75,2.79,2.72,2.74,-0.014388,30942048,85142365,7207930750,8427291650,0.011762,8.789541,2014/3/31,2014/4/17,10.803228,1.708781,10.250158,0.886402,2.741597
sh600017,2014/7/9,2.8,2.86,2.76,2.78,-0.010676,42224895,118363588,7313156010,8550317810,0.016051,8.917851,2014/3/31,2014/4/17,10.960934,1.733726,10.39979,0.899342,2.781619
sh600017,2014/7/8,2.81,2.82,2.75,2.81,-0.003546,39100472,108967834,7392074960,8642587430,0.014864,9.014086,2014/3/31,2014/4/17,11.079216,1.752435,10.512016,0.909047,2.811636
sh600017,2014/7/7,2.85,2.86,2.75,2.82,-0.030928,67903856,190737068,7418381280,8673343960,0.025813,9.046163,2014/3/31,2014/4/17,11.118643,1.758672,10.549424,0.912282,2.821642
sh600017,2014/7/4,3.1,3.1,2.89,2.91,-0.093458,151538597,444680602,7655138130,8950152810,0.057605,9.334872,2014/3/31,2014/4/17,11.473495,1.8148,10.88611,0.941397,2.911694
sh600017,2014/7/3,3,3.21,2.93,3.21,0.099315,230259571,725396338,8444327630,9872848980,0.08753,10.297231,2014/3/31,2014/4/17,12.65633,2.001893,12.00839,1.038449,3.211869
sh600017,2014/7/2,2.66,2.92,2.61,2.92,0.101887,96575967,270165292,7681444450,8980909350,0.036712,9.366952,2014/3/31,2014/4/17,11.512924,1.821036,10.923521,0.944632,2.921701
sh600017,2014/7/1,2.58,2.77,2.56,2.65,0.023166,37057068,98436801,6971173900,8150482800,0.014087,8.500828,2014/3/31,2014/4/17,10.448371,1.652653,9.913467,0.857286,2.651543
sh600017,2014/6/30,2.61,2.63,2.57,2.59,0,16335954,42450349,6813336000,7965943570,0.00621,8.308357,2014/3/31,2014/4/17,10.211804,1.615234,9.689012,0.837876,2.591508
sh600017,2014/6/27,2.53,2.6,2.52,2.59,0.019685,21305712,54929264,6813336000,7965943570,0.008099,8.308357,2014/3/31,2014/4/17,10.211804,1.615234,9.689012,0.837876,2.591508
sh600017,2014/6/26,2.53,2.55,2.53,2.54,0.007937,7288353,18484590,6681804420,7812160880,0.002771,8.147964,2014/3/31,2014/4/17,10.014666,1.584052,9.501965,0.821701,2.541479
sh600017,2014/6/25,2.53,2.55,2.51,2.52,-0.011765,11324037,28617568,6629191780,7750647800,0.004305,8.083803,2014/3/31,2014/4/17,9.935805,1.571578,9.427142,0.81523,2.521466
sh600017,2014/6/24,2.47,2.59,2.46,2.55,0.032389,20742917,52815709,6708110730,7842917410,0.007885,8.180041,2014/3/31,2014/4/17,10.054091,1.590288,9.539373,0.824936,2.551484
sh600017,2014/6/23,2.46,2.49,2.44,2.47,0.004065,5598622,13788093,6497660200,7596865100,0.002128,7.92341,2014/3/31,2014/4/17,9.738666,1.540396,9.240095,0.799055,2.471437
sh600017,2014/6/20,2.45,2.47,2.43,2.46,0.008197,3997696,9784549,6471353880,7566108560,0.00152,7.891332,2014/3/31,2014/4/17,9.699238,1.53416,9.202686,0.79582,2.461431
sh600017,2014/6/19,2.52,2.53,2.42,2.44,-0.031746,9060827,22409566,6418741250,7504595490,0.003444,7.827172,2014/3/31,2014/4/17,9.62038,1.521687,9.127865,0.78935,2.441419
sh600017,2014/6/18,2.52,2.56,2.5,2.52,0.003984,7067555,17869390,6629191780,7750647800,0.002687,8.083801,2014/3/31,2014/4/17,9.935802,1.571578,9.427139,0.81523,2.521465
sh600017,2014/6/17,2.54,2.54,2.51,2.51,-0.015686,5126266,12930407,6602885470,7719891260,0.001949,8.051723,2014/3/31,2014/4/17,9.896375,1.565342,9.389731,0.811995,2.51146
sh600017,2014/6/16,2.55,2.56,2.53,2.55,0,7991251,20310445,6708110730,7842917410,0.003038,8.180035,2014/3/31,2014/4/17,10.054083,1.590287,9.539365,0.824935,2.551482
sh600017,2014/6/13,2.52,2.62,2.49,2.55,0.007905,17417713,44419396,6708110730,7842917410,0.006621,8.180035,2014/3/31,2014/4/17,10.054083,1.590287,9.539365,0.824935,2.551482
sh600017,2014/6/12,2.5,2.59,2.5,2.53,0.012,14483374,36892123,6655498100,7781404340,0.005506,8.115879,2014/3/31,2014/4/17,9.975229,1.577814,9.464548,0.818465,2.531471
sh600017,2014/6/11,2.51,2.52,2.49,2.5,-0.007937,6168498,15427288,6576579150,7689134720,0.002345,8.019643,2014/3/31,2014/4/17,9.856946,1.559105,9.35232,0.80876,2.501454
sh600017,2014/6/10,2.46,2.54,2.46,2.52,0.02439,13846633,34742430,6629191780,7750647800,0.005264,8.083804,2014/3/31,2014/4/17,9.935806,1.571579,9.427143,0.81523,2.521466
sh600017,2014/6/9,2.44,2.47,2.43,2.46,0,3200343,7858567,6471353880,7566108560,0.001217,7.891334,2014/3/31,2014/4/17,9.699242,1.53416,9.20269,0.79582,2.461432
sh600017,2014/6/6,2.48,2.49,2.43,2.46,-0.012048,6733844,16564283,6471353880,7566108560,0.00256,7.891334,2014/3/31,2014/4/17,9.699242,1.53416,9.20269,0.79582,2.461432
sh600017,2014/6/5,2.45,2.5,2.45,2.49,0.012195,5930830,14661569,6550272830,7658378180,0.002255,7.987569,2014/3/31,2014/4/17,9.817523,1.552869,9.314916,0.805525,2.491449
sh600017,2014/6/4,2.5,2.5,2.45,2.46,-0.016,4881262,12036709,6471353880,7566108560,0.001856,7.891334,2014/3/31,2014/4/17,9.699241,1.53416,9.202689,0.79582,2.461432
sh600017,2014/6/3,2.49,2.51,2.48,2.5,0.004016,3448677,8611022,6576579150,7689134720,0.001311,8.019648,2014/3/31,2014/4/17,9.856952,1.559106,9.352326,0.80876,2.501455
sh600017,2014/5/30,2.49,2.5,2.47,2.49,0,6760764,16828459,6550272830,7658378180,0.00257,7.98757,2014/3/31,2014/4/17,9.817525,1.55287,9.314917,0.805525,2.49145
sh600017,2014/5/29,2.51,2.52,2.48,2.49,-0.011905,7003208,17504391,6550272830,7658378180,0.002662,7.98757,2014/3/31,2014/4/17,9.817525,1.55287,9.314917,0.805525,2.49145
sh600017,2014/5/28,2.52,2.53,2.48,2.52,0,9841105,24622590,6629191780,7750647800,0.003741,8.083808,2014/3/31,2014/4/17,9.935811,1.571579,9.427148,0.815231,2.521468
sh600017,2014/5/27,2.55,2.55,2.51,2.52,-0.011765,8173977,20647654,6629191780,7750647800,0.003107,8.083808,2014/3/31,2014/4/17,9.935811,1.571579,9.427148,0.815231,2.521468
sh600017,2014/5/26,2.56,2.57,2.54,2.55,-0.003906,7922977,20197553,6708110730,7842917410,0.003012,8.180046,2014/3/31,2014/4/17,10.054097,1.590289,9.539378,0.824936,2.551486
sh600017,2014/5/23,2.58,2.58,2.54,2.56,-0.011583,10196261,26053849,6734417050,7873673950,0.003876,8.212123,2014/3/31,2014/4/17,10.093523,1.596525,9.576785,0.828171,2.561491
sh600017,2014/5/22,2.59,2.64,2.55,2.59,-0.003846,16285076,42111756,6813336000,7965943570,0.006191,8.308358,2014/3/31,2014/4/17,10.211806,1.615234,9.689013,0.837876,2.591508
sh600017,2014/5/21,2.57,2.6,2.54,2.6,0.007752,8215166,21123668,6839642320,7996700110,0.003123,8.340436,2014/3/31,2014/4/17,10.251232,1.62147,9.726421,0.841111,2.601514
sh600017,2014/5/20,2.61,2.62,2.55,2.58,-0.015267,12762902,32910769,6787029680,7935187030,0.004852,8.276278,2014/3/31,2014/4/17,10.172376,1.608998,9.651602,0.834641,2.581502
sh600017,2014/5/19,2.66,2.67,2.58,2.62,-0.018451,18775762,49182313,6892254950,8058213190,0.007137,8.404591,2014/3/31,2014/4/17,10.330085,1.633943,9.801237,0.847581,2.621525
sh600017,2014/5/16,2.55,2.8,2.5,2.71,0.058594,41458192,110234190,7129011800,8335022040,0.01576,8.562579,2014/3/31,2014/4/17,10.524269,1.664658,9.985479,0.863514,2.670804
sh600017,2014/5/15,2.61,2.64,2.54,2.56,-0.022901,17378165,45047167,6734417050,7873673950,0.006606,8.088634,2014/3/31,2014/4/17,9.941742,1.572517,9.432775,0.815717,2.522973
sh600017,2014/5/14,2.59,2.65,2.56,2.62,0.011583,28630924,74894645,6892254950,8058213190,0.010884,8.278213,2014/3/31,2014/4/17,10.174754,1.609374,9.653858,0.834836,2.582106
sh600017,2014/5/13,2.57,2.6,2.54,2.59,0.003876,12784508,32772770,6813336000,7965943570,0.00486,8.183424,2014/3/31,2014/4/17,10.05825,1.590946,9.543318,0.825277,2.55254
sh600017,2014/5/12,2.5,2.58,2.5,2.58,0.032,13969302,35577738,6787029680,7935187030,0.00531,8.151828,2014/3/31,2014/4/17,10.019414,1.584803,9.506471,0.82209,2.542684
sh600017,2014/5/9,2.55,2.55,2.48,2.5,-0.023438,10460245,26198990,6576579150,7689134720,0.003976,7.899058,2014/3/31,2014/4/17,9.708735,1.535662,9.211697,0.796599,2.463841
sh600017,2014/5/8,2.52,2.58,2.51,2.56,0.015873,10555335,26960534,6734417050,7873673950,0.004012,8.08864,2014/3/31,2014/4/17,9.94175,1.572519,9.432782,0.815718,2.522975
sh600017,2014/5/7,2.57,2.59,2.52,2.52,-0.027027,11493197,29305771,6629191780,7750647800,0.004369,7.962255,2014/3/31,2014/4/17,9.78641,1.547948,9.285395,0.802972,2.483553
sh600017,2014/5/6,2.58,2.65,2.54,2.59,0.003876,22174142,57475735,6813336000,7965943570,0.008429,8.183428,2014/3/31,2014/4/17,10.058254,1.590947,9.543323,0.825277,2.552541
sh600017,2014/5/5,2.49,2.62,2.47,2.58,0.032,29674880,76252966,6787029680,7935187030,0.011281,8.151832,2014/3/31,2014/4/17,10.019419,1.584804,9.506476,0.822091,2.542685
sh600017,2014/4/30,2.4,2.55,2.38,2.5,0.033058,17467760,43353039,6576579150,7689134720,0.00664,7.899062,2014/3/31,2014/4/17,9.708739,1.535663,9.211701,0.7966,2.463842
sh600017,2014/4/29,2.5,2.54,2.33,2.42,-0.039683,23037242,55547381,6366128620,7443082410,0.008757,7.646291,2014/3/31,2014/4/17,9.398058,1.486521,8.916925,0.771108,2.384999
sh600017,2014/4/28,2.55,2.61,2.5,2.52,-0.015625,16054008,40790870,6629191780,7750647800,0.006103,7.962257,2014/3/31,2014/4/17,9.786413,1.547948,9.285398,0.802973,2.483554
sh600017,2014/4/25,2.51,2.62,2.51,2.56,0.024,23333869,60146176,6734417050,7873673950,0.00887,8.088642,2014/3/31,2014/4/17,9.941752,1.572519,9.432785,0.815718,2.522975
sh600017,2014/4/24,2.57,2.57,2.5,2.5,-0.027237,9465481,23907183,6576579150,7689134720,0.003598,7.899064,2014/3/31,2014/4/17,9.708743,1.535663,9.211704,0.7966,2.463843
sh600017,2014/4/23,2.54,2.61,2.52,2.57,0,12720923,32633977,6760723370,7904430490,0.004836,8.120235,2014/3/31,2014/4/17,9.980584,1.578661,9.469628,0.818904,2.53283
sh600017,2014/4/22,2.49,2.67,2.48,2.57,0.032129,19800714,51146045,6760723370,7904430490,0.007527,8.120235,2014/3/31,2014/4/17,9.980584,1.578661,9.469628,0.818904,2.53283
sh600017,2014/4/21,2.56,2.56,2.48,2.49,-0.034884,10966826,27737857,6550272830,7658378180,0.004169,7.867462,2014/3/31,2014/4/17,9.6699,1.529519,9.17485,0.793413,2.453986
sh600017,2014/4/18,2.55,2.59,2.52,2.58,0.003891,12555045,32224930,6787029680,7935187030,0.004773,8.15183,2014/3/31,2014/4/17,10.019417,1.584803,9.506474,0.822091,2.542685
sh600017,2014/4/17,2.55,2.6,2.5,2.57,0.011811,13658719,34802692,6760723370,7904430490,0.005192,8.120234,2014/3/31,2014/4/17,9.980583,1.578661,9.469627,0.818904,2.53283
sh600017,2014/4/16,2.56,2.58,2.52,2.54,-0.007813,7723701,19678111,6681804420,7812160880,0.002936,8.025446,2013/12/31,2014/3/18,9.741953,1.573287,8.853105,0.824911,2.503264
sh600017,2014/4/15,2.6,2.6,2.53,2.56,-0.015385,16228114,41597643,6734417050,7873673950,0.006169,8.088642,2013/12/31,2014/3/18,9.818666,1.585676,8.922819,0.831407,2.522976
sh600017,2014/4/14,2.53,2.6,2.52,2.6,0.023622,26356823,67993921,6839642320,7996700110,0.010019,8.21503,2013/12/31,2014/3/18,9.972087,1.610453,9.062241,0.844398,2.562398
sh600017,2014/4/11,2.5,2.55,2.48,2.54,0.011952,21604640,54581732,6681804420,7812160880,0.008213,8.025453,2013/12/31,2014/3/18,9.741962,1.573289,8.853113,0.824912,2.503266
sh600017,2014/4/10,2.48,2.51,2.47,2.51,0.012097,12904819,32193654,6602885470,7719891260,0.004906,7.930666,2013/12/31,2014/3/18,9.626902,1.554707,8.74855,0.815169,2.4737
sh600017,2014/4/9,2.48,2.49,2.46,2.48,-0.004016,4831475,11965862,6523966520,7627621640,0.001837,7.835875,2013/12/31,2014/3/18,9.511837,1.536124,8.643984,0.805426,2.444134
sh600017,2014/4/8,2.45,2.49,2.45,2.49,0.008097,8211595,20305133,6550272830,7658378180,0.003122,7.867471,2013/12/31,2014/3/18,9.55019,1.542318,8.678838,0.808673,2.453989
sh600017,2014/4/4,2.46,2.48,2.44,2.47,0,4573092,11259285,6497660200,7596865100,0.001738,7.80428,2013/12/31,2014/3/18,9.473484,1.529931,8.60913,0.802178,2.434278
sh600017,2014/4/3,2.5,2.52,2.46,2.47,-0.008032,7485990,18592613,6497660200,7596865100,0.002846,7.80428,2013/12/31,2014/3/18,9.473484,1.529931,8.60913,0.802178,2.434278
sh600017,2014/4/2,2.48,2.5,2.46,2.49,0,6301837,15621460,6550272830,7658378180,0.002396,7.867471,2013/12/31,2014/3/18,9.550191,1.542318,8.678838,0.808673,2.453989
sh600017,2014/4/1,2.46,2.51,2.43,2.49,0.012195,9988940,24766658,6550272830,7658378180,0.003797,7.867471,2013/12/31,2014/3/18,9.550191,1.542318,8.678838,0.808673,2.453989
sh600017,2014/3/31,2.49,2.52,2.44,2.46,-0.012048,8145933,20137382,6471353880,7566108560,0.003097,7.772683,2013/12/31,2014/3/18,9.435129,1.523736,8.574275,0.79893,2.424423
sh600017,2014/3/28,2.45,2.53,2.44,2.49,0.012195,13157222,32737309,6550272830,7658378180,0.005002,7.867471,2013/12/31,2014/3/18,9.55019,1.542318,8.678838,0.808673,2.453989
sh600017,2014/3/27,2.46,2.49,2.4,2.46,0,10961053,26843266,6471353880,7566108560,0.004167,7.772683,2013/12/31,2014/3/18,9.435129,1.523736,8.574275,0.79893,2.424423
sh600017,2014/3/26,2.48,2.5,2.45,2.46,-0.012048,7445725,18365018,6471353880,7566108560,0.00283,7.772683,2013/12/31,2014/3/18,9.435129,1.523736,8.574275,0.79893,2.424423
sh600017,2014/3/25,2.5,2.55,2.46,2.49,0,17545209,44024231,6550272830,7658378180,0.00667,7.86747,2013/12/31,2014/3/18,9.550189,1.542318,8.678837,0.808673,2.453988
sh600017,2014/3/24,2.41,2.52,2.41,2.49,0.028926,18004994,44660540,6550272830,7658378180,0.006844,7.86747,2013/12/31,2014/3/18,9.550189,1.542318,8.678837,0.808673,2.453988
sh600017,2014/3/21,2.37,2.43,2.36,2.42,0.016807,9841830,23634556,6366128620,7443082410,0.003741,7.646293,2013/12/31,2014/3/18,9.281707,1.498959,8.434851,0.785939,2.385
sh600017,2014/3/20,2.36,2.45,2.36,2.38,0.004219,13367219,32278040,6260903350,7320056250,0.005081,7.519906,2013/12/31,2014/3/18,9.128288,1.474183,8.295429,0.772948,2.345578
sh600017,2014/3/19,2.34,2.38,2.32,2.37,0.012821,6326807,14887218,6234597030,7289299710,0.002405,7.488313,2013/12/31,2014/3/18,9.089937,1.467989,8.260578,0.769701,2.335723
sh600017,2014/3/18,2.35,2.36,2.32,2.34,-0.004255,6404144,14999312,6155678080,7197030100,0.002434,7.393521,2013/12/31,2014/3/18,8.97487,1.449406,8.15601,0.759957,2.306156
sh600017,2014/3/17,2.32,2.35,2.32,2.35,0.008584,3317428,7757123,6181984400,7227786640,0.001261,7.425115,2013/9/30,2013/10/23,8.843452,1.474729,6.871451,0.779612,2.316011
sh600017,2014/3/14,2.33,2.35,2.31,2.33,-0.008511,2916142,6797332,6129371770,7166273560,0.001109,7.36192,2013/9/30,2013/10/23,8.768185,1.462178,6.812968,0.772976,2.296299
sh600017,2014/3/13,2.33,2.35,2.31,2.35,0.008584,3736221,8719412,6181984400,7227786640,0.00142,7.425115,2013/9/30,2013/10/23,8.843452,1.474729,6.871451,0.779612,2.316011
sh600017,2014/3/12,2.3,2.33,2.3,2.33,0.013043,3582462,8283517,6129371770,7166273560,0.001362,7.36192,2013/9/30,2013/10/23,8.768186,1.462178,6.812969,0.772976,2.296299
sh600017,2014/3/11,2.29,2.33,2.28,2.3,-0.004329,4249588,9814694,6050452820,7074003940,0.001615,7.267135,2013/9/30,2013/10/23,8.655295,1.443352,6.725251,0.763024,2.266734
sh600017,2014/3/10,2.38,2.38,2.31,2.31,-0.033473,5083934,11872846,6076759130,7104760480,0.001933,7.298731,2013/9/30,2013/10/23,8.692927,1.449628,6.754491,0.766342,2.27659
sh600017,2014/3/7,2.4,2.41,2.37,2.39,-0.012397,5102437,12182532,6287209670,7350812790,0.00194,7.551503,2013/9/30,2013/10/23,8.993982,1.499831,6.988415,0.792882,2.355433
sh600017,2014/3/6,2.38,2.43,2.38,2.42,0.021097,11126918,26807212,6366128620,7443082410,0.00423,7.646294,2013/9/30,2013/10/23,9.10688,1.518658,7.076137,0.802835,2.385
sh600017,2014/3/5,2.38,2.38,2.35,2.37,0,4198936,9910216,6234597030,7289299710,0.001596,7.488313,2013/9/30,2013/10/23,8.918722,1.487281,6.929937,0.786247,2.335723
sh600017,2014/3/4,2.37,2.38,2.35,2.37,-0.004202,5027138,11866323,6234597030,7289299710,0.001911,7.488313,2013/9/30,2013/10/23,8.918722,1.487281,6.929937,0.786247,2.335723
sh600017,2014/3/3,2.36,2.38,2.34,2.38,0.012766,5544834,13108591,6260903350,7320056250,0.002108,7.519912,2013/9/30,2013/10/23,8.956357,1.493557,6.959179,0.789565,2.345579
sh600017,2014/2/28,2.31,2.35,2.31,2.35,0.017316,5503616,12838745,6181984400,7227786640,0.002092,7.425123,2013/9/30,2013/10/23,8.843461,1.474731,6.871458,0.779612,2.316013
sh600017,2014/2/27,2.32,2.34,2.3,2.31,-0.012821,9084828,21115528,6076759130,7104760480,0.003453,7.298738,2013/9/30,2013/10/23,8.692934,1.449629,6.754497,0.766342,2.276592
sh600017,2014/2/26,2.34,2.37,2.25,2.34,-0.008475,16621326,38590637,6155678080,7197030100,0.006318,7.39353,2013/9/30,2013/10/23,8.805834,1.468456,6.842221,0.776295,2.306159
sh600017,2014/2/25,2.38,2.43,2.35,2.36,-0.016667,8913030,21239245,6208290720,7258543180,0.003388,7.456726,2013/9/30,2013/10/23,8.881101,1.481007,6.900705,0.782931,2.325871
sh600017,2014/2/24,2.45,2.45,2.38,2.4,-0.020408,8186679,19615522,6313515980,7381569330,0.003112,7.583114,2013/9/30,2013/10/23,9.031631,1.50611,7.017668,0.796201,2.365293
sh600017,2014/2/21,2.51,2.51,2.43,2.45,-0.023904,11456559,28204887,6445047570,7535352030,0.004355,7.741094,2013/9/30,2013/10/23,9.219789,1.537487,7.163868,0.812788,2.41457
sh600017,2014/2/20,2.49,2.54,2.49,2.51,0.004,14122214,35516983,6602885470,7719891260,0.005368,7.930669,2013/9/30,2013/10/23,9.445576,1.575139,7.339307,0.832693,2.473701
sh600017,2014/2/19,2.49,2.5,2.46,2.5,0.004016,11709155,29014165,6576579150,7689134720,0.004451,7.899072,2013/9/30,2013/10/23,9.407944,1.568863,7.310067,0.829376,2.463846
sh600017,2014/2/18,2.52,2.52,2.47,2.49,-0.011905,7700216,19181428,6550272830,7658378180,0.002927,7.867476,2013/9/30,2013/10/23,9.370313,1.562588,7.280827,0.826058,2.45399
sh600017,2014/2/17,2.52,2.52,2.5,2.52,0,8368911,20987457,6629191780,7750647800,0.003181,7.962267,2013/9/30,2013/10/23,9.48321,1.581415,7.36855,0.836011,2.483557
sh600017,2014/2/14,2.51,2.53,2.5,2.52,0.003984,6671706,16767567,6629191780,7750647800,0.002536,7.962267,2013/9/30,2013/10/23,9.48321,1.581415,7.36855,0.836011,2.483557
sh600017,2014/2/13,2.53,2.54,2.49,2.51,-0.015686,6896866,17349789,6602885470,7719891260,0.002622,7.930671,2013/9/30,2013/10/23,9.445579,1.575139,7.33931,0.832693,2.473702
sh600017,2014/2/12,2.55,2.57,2.51,2.55,0,8134481,20665086,6708110730,7842917410,0.003092,8.057054,2013/9/30,2013/10/23,9.596104,1.600241,7.456269,0.845963,2.513123
sh600017,2014/2/11,2.54,2.55,2.52,2.55,0.003937,5879925,14915476,6708110730,7842917410,0.002235,8.057054,2013/9/30,2013/10/23,9.596104,1.600241,7.456269,0.845963,2.513123
sh600017,2014/2/10,2.5,2.55,2.48,2.54,0.016,4674817,11827805,6681804420,7812160880,0.001777,8.025458,2013/9/30,2013/10/23,9.558472,1.593965,7.427029,0.842646,2.503267
sh600017,2014/2/7,2.48,2.5,2.45,2.5,0.004016,3642325,9020467,6576579150,7689134720,0.001385,7.899073,2013/9/30,2013/10/23,9.407945,1.568864,7.310068,0.829376,2.463846
sh600017,2014/1/30,2.5,2.51,2.48,2.49,-0.004,2527854,6308795,6550272830,7658378180,0.000961,7.867477,2013/9/30,2013/10/23,9.370314,1.562588,7.280828,0.826058,2.453991
sh600017,2014/1/29,2.49,2.52,2.49,2.5,0.004016,3411707,8552370,6576579150,7689134720,0.001297,7.899073,2013/9/30,2013/10/23,9.407945,1.568864,7.310068,0.829376,2.463846
sh600017,2014/1/28,2.46,2.5,2.46,2.49,0.012195,3911652,9713272,6550272830,7658378180,0.001487,7.867478,2013/9/30,2013/10/23,9.370314,1.562588,7.280828,0.826058,2.453991
sh600017,2014/1/27,2.46,2.49,2.44,2.46,-0.004049,5676087,14022823,6471353880,7566108560,0.002158,7.77269,2013/9/30,2013/10/23,9.25742,1.543762,7.193108,0.816106,2.424425
sh600017,2014/1/24,2.45,2.49,2.44,2.47,0.008163,5868804,14485497,6497660200,7596865100,0.002231,7.804289,2013/9/30,2013/10/23,9.295056,1.550038,7.222352,0.819424,2.434281
sh600017,2014/1/23,2.47,2.48,2.44,2.45,-0.008097,3886937,9535427,6445047570,7535352030,0.001478,7.741099,2013/9/30,2013/10/23,9.219794,1.537488,7.163873,0.812789,2.414571
sh600017,2014/1/22,2.42,2.47,2.42,2.47,0.020661,5409795,13265981,6497660200,7596865100,0.002056,7.80429,2013/9/30,2013/10/23,9.295057,1.550038,7.222352,0.819424,2.434282
sh600017,2014/1/21,2.39,2.43,2.39,2.42,0.008333,3743440,9050655,6366128620,7443082410,0.001423,7.64631,2013/9/30,2013/10/23,9.106899,1.518661,7.076152,0.802836,2.385005
sh600017,2014/1/20,2.37,2.4,2.35,2.4,0.012658,3717132,8852191,6313515980,7381569330,0.001413,7.58312,2013/9/30,2013/10/23,9.031638,1.506111,7.017674,0.796202,2.365295
sh600017,2014/1/17,2.37,2.38,2.33,2.37,0,3852711,9085444,6234597030,7289299710,0.001465,7.488332,2013/9/30,2013/10/23,8.918745,1.487285,6.929954,0.786249,2.335729
sh600017,2014/1/16,2.37,2.4,2.34,2.37,0,4783141,11330565,6234597030,7289299710,0.001818,7.488332,2013/9/30,2013/10/23,8.918745,1.487285,6.929954,0.786249,2.335729
sh600017,2014/1/15,2.37,2.39,2.35,2.37,-0.004202,3678800,8709437,6234597030,7289299710,0.001398,7.488332,2013/9/30,2013/10/23,8.918745,1.487285,6.929954,0.786249,2.335729
sh600017,2014/1/14,2.34,2.38,2.32,2.38,0.017094,4523715,10632203,6260903350,7320056250,0.00172,7.519931,2013/9/30,2013/10/23,8.95638,1.493561,6.959197,0.789567,2.345585
sh600017,2014/1/13,2.35,2.36,2.32,2.34,0,3807082,8906621,6155678080,7197030100,0.001447,7.393546,2013/9/30,2013/10/23,8.805852,1.468459,6.842236,0.776297,2.306164
sh600017,2014/1/10,2.4,2.4,2.34,2.34,-0.025,5384700,12705885,6155678080,7197030100,0.002047,7.393546,2013/9/30,2013/10/23,8.805852,1.468459,6.842236,0.776297,2.306164
sh600017,2014/1/9,2.42,2.43,2.39,2.4,-0.012346,4696306,11337456,6313515980,7381569330,0.001785,7.583124,2013/9/30,2013/10/23,9.031643,1.506112,7.017678,0.796202,2.365296
sh600017,2014/1/8,2.45,2.47,2.41,2.43,-0.008163,4615390,11227416,6392434930,7473838950,0.001754,7.677915,2013/9/30,2013/10/23,9.144542,1.524939,7.105401,0.806155,2.394863
sh600017,2014/1/7,2.44,2.48,2.4,2.45,0.00823,4693529,11462622,6445047570,7535352030,0.001784,7.741106,2013/9/30,2013/10/23,9.219803,1.537489,7.16388,0.81279,2.414573
sh600017,2014/1/6,2.51,2.51,2.43,2.43,-0.035714,8070299,19782456,6392434930,7473838950,0.003068,7.677917,2013/9/30,2013/10/23,9.144544,1.524939,7.105402,0.806155,2.394864
sh600017,2014/1/3,2.55,2.55,2.51,2.52,-0.011765,4851414,12217138,6629191780,7750647800,0.001844,7.962282,2013/9/30,2013/10/23,9.483228,1.581418,7.368563,0.836012,2.483562
sh600017,2014/1/2,2.54,2.56,2.52,2.55,0.003937,4920831,12485834,6708110730,7842917410,0.001871,8.057073,2013/9/30,2013/10/23,9.596126,1.600245,7.456286,0.845965,2.513129
sh600017,2013/12/31,2.54,2.55,2.51,2.54,0,9293976,23490618,6681804420,7812160880,0.003533,8.025477,2013/9/30,2013/10/23,9.558494,1.593969,7.427046,0.842648,2.503273
sh600017,2013/12/30,2.55,2.58,2.53,2.54,0,7532965,19208861,6681804420,7812160880,0.002864,8.025477,2013/9/30,2013/10/23,9.558494,1.593969,7.427046,0.842648,2.503273
sh600017,2013/12/27,2.53,2.55,2.5,2.54,0.011952,10956453,27633976,6681804420,7812160880,0.004165,8.025477,2013/9/30,2013/10/23,9.558494,1.593969,7.427046,0.842648,2.503273
sh600017,2013/12/26,2.61,2.62,2.49,2.51,-0.034615,14112077,35959983,6602885470,7719891260,0.005365,7.930689,2013/9/30,2013/10/23,9.4456,1.575143,7.339326,0.832695,2.473707
sh600017,2013/12/25,2.61,2.63,2.59,2.6,-0.003831,6355899,16567150,6839642320,7996700110,0.002416,8.215053,2013/9/30,2013/10/23,9.784283,1.631622,7.602487,0.862552,2.562405
sh600017,2013/12/24,2.61,2.66,2.6,2.61,0.003846,5299489,13947907,6865948630,8027456650,0.002015,8.246646,2013/9/30,2013/10/23,9.821911,1.637896,7.631724,0.86587,2.572259
sh600017,2013/12/23,2.62,2.64,2.58,2.6,-0.007634,4294514,11176930,6839642320,7996700110,0.001633,8.215051,2013/9/30,2013/10/23,9.784281,1.631621,7.602484,0.862552,2.562404
sh600017,2013/12/20,2.65,2.67,2.6,2.62,-0.011321,6194244,16242074,6892254950,8058213190,0.002355,8.278247,2013/9/30,2013/10/23,9.859548,1.644173,7.660968,0.869188,2.582116
sh600017,2013/12/19,2.71,2.73,2.64,2.65,-0.018519,6942465,18573442,6971173900,8150482800,0.002639,8.373038,2013/9/30,2013/10/23,9.972447,1.663,7.748691,0.87914,2.611683
sh600017,2013/12/18,2.71,2.72,2.67,2.7,-0.00369,3648560,9847699,7102705480,8304265500,0.001387,8.531024,2013/9/30,2013/10/23,10.160611,1.694378,7.894897,0.895728,2.660962
sh600017,2013/12/17,2.76,2.77,2.7,2.71,-0.021661,9938260,26996094,7129011800,8335022040,0.003778,8.562621,2013/9/30,2013/10/23,10.198242,1.700653,7.924137,0.899046,2.670817
sh600017,2013/12/16,2.81,2.89,2.76,2.77,0,15229522,42954331,7286849700,8519561270,0.005789,8.752202,2013/9/30,2013/10/23,10.424038,1.738307,8.099582,0.918951,2.72995
sh600017,2013/12/13,2.75,2.8,2.73,2.77,0.007273,8663642,24028449,7286849700,8519561270,0.003293,8.752202,2013/9/30,2013/10/23,10.424038,1.738307,8.099582,0.918951,2.72995
sh600017,2013/12/12,2.74,2.77,2.73,2.75,0.00365,5755454,15833207,7234237070,8458048190,0.002188,8.689007,2013/9/30,2013/10/23,10.348771,1.725755,8.041099,0.912316,2.710239
sh600017,2013/12/11,2.8,2.8,2.73,2.74,-0.021429,9328738,25756055,7207930750,8427291650,0.003546,8.657407,2013/9/30,2013/10/23,10.311135,1.719479,8.011856,0.908998,2.700382
sh600017,2013/12/10,2.85,2.86,2.79,2.8,-0.017544,12127420,34181250,7365768650,8611830890,0.00461,8.846989,2013/9/30,2013/10/23,10.536931,1.757133,8.187301,0.928904,2.759516
sh600017,2013/12/9,2.85,2.87,2.82,2.85,0,16297804,46281240,7497300230,8765613580,0.006195,9.004973,2013/9/30,2013/10/23,10.725092,1.78851,8.333504,0.945491,2.808793
sh600017,2013/12/6,2.79,2.85,2.78,2.85,0.017857,20961814,59153353,7497300230,8765613580,0.007968,9.004973,2013/9/30,2013/10/23,10.725092,1.78851,8.333504,0.945491,2.808793
sh600017,2013/12/5,2.82,2.84,2.75,2.8,-0.007092,16870867,47158062,7365768650,8611830890,0.006413,8.846992,2013/9/30,2013/10/23,10.536934,1.757133,8.187304,0.928904,2.759517
sh600017,2013/12/4,2.7,2.9,2.69,2.82,0.04059,27773835,78428261,7418381280,8673343960,0.010558,8.910183,2013/9/30,2013/10/23,10.612196,1.769684,8.245783,0.935539,2.779227
sh600017,2013/12/3,2.67,2.73,2.66,2.71,0.014981,7396987,19994439,7129011800,8335022040,0.002812,8.562626,2013/9/30,2013/10/23,10.198249,1.700654,7.924142,0.899046,2.670819
sh600017,2013/12/2,2.76,2.78,2.66,2.67,-0.043011,15774005,42754395,7023786530,8211995880,0.005996,8.436243,2013/9/30,2013/10/23,10.047724,1.675553,7.807183,0.885777,2.631398
sh600017,2013/11/29,2.78,2.8,2.76,2.79,-0.003571,10545274,29340537,7339462330,8581074350,0.004009,8.815402,2013/9/30,2013/10/23,10.49931,1.750859,8.158069,0.925587,2.749663
sh600017,2013/11/28,2.76,2.84,2.75,2.8,0.014493,17255429,48184699,7365768650,8611830890,0.006559,8.846994,2013/9/30,2013/10/23,10.536937,1.757134,8.187306,0.928904,2.759518
sh600017,2013/11/27,2.79,2.81,2.73,2.76,-0.010753,12489756,34521726,7260543380,8488804730,0.004748,8.720607,2013/9/30,2013/10/23,10.386407,1.732031,8.070343,0.915634,2.720095
sh600017,2013/11/26,2.81,2.89,2.77,2.79,-0.010638,21493373,60680940,7339462330,8581074350,0.00817,8.815399,2013/9/30,2013/10/23,10.499306,1.750858,8.158066,0.925587,2.749662
sh600017,2013/11/25,2.71,2.88,2.68,2.82,0.044444,32798455,92362633,7418381280,8673343960,0.012468,8.910185,2013/9/30,2013/10/23,10.612199,1.769684,8.245785,0.935539,2.779228
sh600017,2013/11/22,2.74,2.75,2.67,2.7,-0.018182,9806955,26557029,7102705480,8304265500,0.003728,8.531032,2013/9/30,2013/10/23,10.16062,1.694379,7.894904,0.895729,2.660964
sh600017,2013/11/21,2.69,2.83,2.67,2.75,0.01476,20254849,55984011,7234237070,8458048190,0.0077,8.689016,2013/9/30,2013/10/23,10.348782,1.725757,8.041107,0.912317,2.710242
sh600017,2013/11/20,2.67,2.72,2.65,2.71,0.011194,9905838,26571349,7129011800,8335022040,0.003766,8.562631,2013/9/30,2013/10/23,10.198255,1.700655,7.924147,0.899047,2.67082
sh600017,2013/11/19,2.64,2.7,2.63,2.68,0.015152,10113823,27025977,7050092850,8242752420,0.003845,8.467842,2013/9/30,2013/10/23,10.08536,1.681829,7.836426,0.889094,2.641254
sh600017,2013/11/18,2.62,2.65,2.59,2.64,0.015385,7620617,19962801,6944867580,8119726260,0.002897,8.341453,2013/9/30,2013/10/23,9.934827,1.656726,7.719461,0.875824,2.601831
sh600017,2013/11/15,2.55,2.64,2.54,2.6,0.015625,8845963,23041314,6839642320,7996700110,0.003363,8.215064,2013/9/30,2013/10/23,9.784296,1.631624,7.602496,0.862554,2.562408
sh600017,2013/11/14,2.57,2.57,2.53,2.56,0,4084555,10401690,6734417050,7873673950,0.001553,8.088678,2013/9/30,2013/10/23,9.633768,1.606522,7.485535,0.849284,2.522987
sh600017,2013/11/13,2.57,2.6,2.55,2.56,-0.003891,4623639,11891849,6734417050,7873673950,0.001758,8.088678,2013/9/30,2013/10/23,9.633768,1.606522,7.485535,0.849284,2.522987
sh600017,2013/11/12,2.57,2.59,2.56,2.57,0,3208960,8262988,6760723370,7904430490,0.00122,8.120274,2013/9/30,2013/10/23,9.6714,1.612797,7.514775,0.852601,2.532842
sh600017,2013/11/11,2.58,2.58,2.54,2.57,-0.003876,4594766,11756299,6760723370,7904430490,0.001747,8.120274,2013/9/30,2013/10/23,9.6714,1.612797,7.514775,0.852601,2.532842
sh600017,2013/11/8,2.58,2.63,2.56,2.58,0,5998226,15569068,6787029680,7935187030,0.00228,8.151871,2013/9/30,2013/10/23,9.709032,1.619073,7.544015,0.855919,2.542698
sh600017,2013/11/7,2.61,2.61,2.57,2.58,-0.015267,4738280,12249763,6787029680,7935187030,0.001801,8.151871,2013/9/30,2013/10/23,9.709032,1.619073,7.544015,0.855919,2.542698
sh600017,2013/11/6,2.63,2.65,2.61,2.62,-0.011321,4650134,12227798,6892254950,8058213190,0.001768,8.278255,2013/9/30,2013/10/23,9.859558,1.644174,7.660976,0.869188,2.582119
sh600017,2013/11/5,2.62,2.65,2.59,2.65,0.01145,4264341,11150465,6971173900,8150482800,0.001621,8.373046,2013/9/30,2013/10/23,9.972456,1.663001,7.748699,0.879141,2.611686
sh600017,2013/11/4,2.62,2.63,2.6,2.62,0,4040009,10569838,6892254950,8058213190,0.001536,8.27826,2013/9/30,2013/10/23,9.859564,1.644175,7.66098,0.869189,2.58212
sh600017,2013/11/1,2.64,2.64,2.6,2.62,-0.011321,4973163,13019982,6892254950,8058213190,0.00189,8.27826,2013/9/30,2013/10/23,9.859564,1.644175,7.66098,0.869189,2.58212
sh600017,2013/10/31,2.66,2.69,2.64,2.65,-0.011194,5253021,13957760,6971173900,8150482800,0.001997,8.373052,2013/9/30,2013/10/23,9.972462,1.663002,7.748703,0.879142,2.611687
sh600017,2013/10/30,2.58,2.68,2.57,2.68,0.03876,7754687,20332969,7050092850,8242752420,0.002948,8.467841,2013/9/30,2013/10/23,10.085358,1.681829,7.836424,0.889094,2.641253
sh600017,2013/10/29,2.64,2.65,2.53,2.58,-0.022727,7511634,19452161,6787029680,7935187030,0.002855,8.151874,2013/9/30,2013/10/23,9.709035,1.619073,7.544018,0.855919,2.542698
sh600017,2013/10/28,2.66,2.67,2.61,2.64,0,4214108,11074637,6944867580,8119726260,0.001602,8.34145,2013/9/30,2013/10/23,9.934824,1.656726,7.719458,0.875824,2.60183
sh600017,2013/10/25,2.7,2.7,2.63,2.64,-0.022222,7300107,19369775,6944867580,8119726260,0.002775,8.34145,2013/9/30,2013/10/23,9.934824,1.656726,7.719458,0.875824,2.60183
sh600017,2013/10/24,2.7,2.71,2.66,2.7,-0.00369,7233820,19450251,7102705480,8304265500,0.00275,8.531026,2013/9/30,2013/10/23,10.160613,1.694378,7.894899,0.895729,2.660962
sh600017,2013/10/23,2.76,2.77,2.7,2.71,-0.021661,9006512,24608185,7129011800,8335022040,0.003424,8.562623,2013/9/30,2013/10/23,10.198245,1.700654,7.924139,0.899046,2.670817
sh600017,2013/10/22,2.75,2.79,2.75,2.77,0.007273,8231595,22781128,7286849700,8519561270,0.003129,8.752204,2013/6/30,2013/8/13,10.508712,1.752437,8.542217,0.939595,2.729951
sh600017,2013/10/21,2.73,2.77,2.72,2.75,0.00365,6811122,18689144,7234237070,8458048190,0.002589,8.689009,2013/6/30,2013/8/13,10.432834,1.739784,8.480538,0.932811,2.710239
sh600017,2013/10/18,2.76,2.77,2.73,2.74,-0.003636,6341121,17414645,7207930750,8427291650,0.00241,8.657409,2013/6/30,2013/8/13,10.394892,1.733456,8.449697,0.929418,2.700383
sh600017,2013/10/17,2.78,2.8,2.74,2.75,-0.00722,7521241,20851890,7234237070,8458048190,0.002859,8.689003,2013/6/30,2013/8/13,10.432826,1.739782,8.480532,0.93281,2.710237
sh600017,2013/10/16,2.83,2.84,2.75,2.77,-0.02807,12259861,34134629,7286849700,8519561270,0.00466,8.752193,2013/6/30,2013/8/13,10.508699,1.752435,8.542207,0.939594,2.729948
sh600017,2013/10/15,2.82,2.88,2.76,2.85,0.007067,20873985,59003160,7497300230,8765613580,0.007935,9.004963,2013/6/30,2013/8/13,10.812197,1.803046,8.788912,0.96673,2.80879
sh600017,2013/10/14,2.82,2.86,2.81,2.83,0.003546,13809681,39101905,7444687600,8704100500,0.00525,8.941771,2013/6/30,2013/8/13,10.736324,1.790394,8.727236,0.959946,2.78908
sh600017,2013/10/11,2.82,2.87,2.78,2.82,0.014388,12306058,34632700,7418381280,8673343960,0.004678,8.910176,2013/6/30,2013/8/13,10.698387,1.784067,8.696399,0.956554,2.779225
sh600017,2013/10/10,2.89,2.98,2.76,2.78,-0.031359,26270088,74783970,7313156010,8550317810,0.009986,8.783794,2013/6/30,2013/8/13,10.546642,1.758762,8.57305,0.942986,2.739805
sh600017,2013/10/9,2.75,2.9,2.7,2.87,0.043636,33821917,96317917,7549912860,8827126660,0.012857,9.068163,2013/6/30,2013/8/13,10.888082,1.815701,8.850595,0.973515,2.828504
sh600017,2013/10/8,2.58,2.75,2.56,2.75,0.065891,17989963,48555564,7234237070,8458048190,0.006839,8.689009,2013/6/30,2013/8/13,10.432834,1.739784,8.480539,0.932811,2.71024
sh600017,2013/9/30,2.57,2.59,2.56,2.58,0.007813,4891224,12599298,6787029680,7935187030,0.001859,8.151874,2013/6/30,2013/8/13,9.7879,1.632234,7.956291,0.875146,2.542699
sh600017,2013/9/27,2.58,2.59,2.53,2.56,0,7438225,19015999,6734417050,7873673950,0.002828,8.088677,2013/6/30,2013/8/13,9.71202,1.61958,7.89461,0.868362,2.522987
sh600017,2013/9/26,2.7,2.71,2.55,2.56,-0.055351,17197245,44874093,6734417050,7873673950,0.006537,8.088677,2013/6/30,2013/8/13,9.71202,1.61958,7.89461,0.868362,2.522987
sh600017,2013/9/25,2.76,2.77,2.7,2.71,-0.018116,14435647,39318976,7129011800,8335022040,0.005488,8.562627,2013/6/30,2013/8/13,10.281088,1.714478,8.357189,0.919243,2.670819
sh600017,2013/9/24,2.76,2.79,2.7,2.76,-0.007194,14525009,39841780,7260543380,8488804730,0.005521,8.72061,2013/6/30,2013/8/13,10.470777,1.746111,8.511381,0.936203,2.720096
sh600017,2013/9/23,2.75,2.79,2.74,2.78,0.010909,9577662,26468987,7313156010,8550317810,0.003641,8.783801,2013/6/30,2013/8/13,10.54665,1.758764,8.573056,0.942987,2.739806
sh600017,2013/9/18,2.75,2.78,2.71,2.75,0.00365,9888721,27072825,7234237070,8458048190,0.003759,8.689012,2013/6/30,2013/8/13,10.432838,1.739784,8.480541,0.932811,2.71024
sh600017,2013/9/17,2.81,2.84,2.73,2.74,-0.031802,17005001,47206075,7207930750,8427291650,0.006464,8.657413,2013/6/30,2013/8/13,10.394896,1.733457,8.4497,0.929419,2.700384
sh600017,2013/9/16,2.8,2.89,2.79,2.83,0.014337,22222814,63174228,7444687600,8704100500,0.008448,8.941779,2013/6/30,2013/8/13,10.736333,1.790395,8.727244,0.959947,2.789082
sh600017,2013/9/13,2.85,2.87,2.77,2.79,-0.027875,23382025,65701753,7339462330,8581074350,0.008888,8.815393,2013/6/30,2013/8/13,10.584582,1.765089,8.60389,0.946379,2.749661
sh600017,2013/9/12,2.84,2.92,2.79,2.87,-0.017123,30093906,85838392,7549912860,8827126660,0.01144,9.068168,2013/6/30,2013/8/13,10.888088,1.815702,8.8506,0.973515,2.828505
sh600017,2013/9/11,3.1,3.11,2.9,2.92,-0.006803,97731741,292812557,7681444450,8980909350,0.037151,9.226147,2013/6/30,2013/8/13,11.077772,1.847334,9.004789,0.990475,2.877781
sh600017,2013/9/10,2.66,2.94,2.62,2.94,0.101124,88321157,256723677,7734057080,9042422430,0.033574,9.289343,2013/6/30,2013/8/13,11.15365,1.859987,9.066469,0.99726,2.897493
sh600017,2013/9/9,2.58,2.74,2.54,2.67,0.038911,32792829,87240251,7023786530,8211995880,0.012466,8.436237,2013/6/30,2013/8/13,10.129332,1.689171,8.233831,0.905674,2.631396
sh600017,2013/9/6,2.52,2.59,2.51,2.57,0.011811,14362991,36858107,6760723370,7904430490,0.00546,8.120269,2013/6/30,2013/8/13,9.749952,1.625906,7.925444,0.871753,2.53284
sh600017,2013/9/5,2.6,2.6,2.52,2.54,-0.030534,17731860,45170905,6681804420,7812160880,0.006741,8.02548,2013/6/30,2013/8/13,9.636139,1.606926,7.832929,0.861577,2.503274
sh600017,2013/9/4,2.56,2.69,2.54,2.62,0.023438,27774072,72966768,6892254950,8058213190,0.010558,8.278248,2013/6/30,2013/8/13,9.939636,1.657538,8.079632,0.888713,2.582117
sh600017,2013/9/3,2.54,2.59,2.5,2.56,-0.015385,23563145,59840491,6734417050,7873673950,0.008957,8.088666,2013/6/30,2013/8/13,9.712006,1.619578,7.894599,0.868361,2.522983
sh600017,2013/9/2,2.92,2.92,2.6,2.6,-0.100346,64053649,170314303,6839642320,7996700110,0.024349,8.215054,2013/6/30,2013/8/13,9.86376,1.644885,8.017955,0.881929,2.562406
sh600017,2013/8/30,2.63,2.89,2.6,2.89,0.098859,92051704,261174857,7602525500,8888639740,0.034992,9.131349,2013/6/30,2013/8/13,10.963948,1.828352,8.912265,0.980298,2.848212
sh600017,2013/8/29,2.54,2.72,2.48,2.63,0.039526,39991409,104506545,6918561270,8088969730,0.015202,8.309846,2013/6/30,2013/8/13,9.977575,1.663864,8.110472,0.892105,2.591972
sh600017,2013/8/28,2.48,2.56,2.44,2.53,0.016064,23612739,59385766,6655498100,7781404340,0.008976,7.99388,2013/6/30,2013/8/13,9.598197,1.600599,7.802087,0.858185,2.493418
sh600017,2013/8/27,2.42,2.52,2.4,2.49,0.028926,21890293,54376893,6550272830,7658378180,0.008321,7.867496,2013/6/30,2013/8/13,9.446449,1.575294,7.678736,0.844617,2.453997
sh600017,2013/8/26,2.35,2.43,2.34,2.42,0.029787,13632487,32605149,6366128620,7443082410,0.005182,7.646319,2013/6/30,2013/8/13,9.180883,1.531008,7.462865,0.820872,2.385008
sh600017,2013/8/23,2.38,2.39,2.33,2.35,-0.008439,7107290,16806700,6181984400,7227786640,0.002702,7.425146,2013/6/30,2013/8/13,8.915322,1.486723,7.246998,0.797128,2.316021
sh600017,2013/8/22,2.36,2.38,2.35,2.37,0.004237,5970948,14110487,6234597030,7289299710,0.00227,7.48834,2013/6/30,2013/8/13,8.991199,1.499376,7.308676,0.803912,2.335732
sh600017,2013/8/21,2.35,2.37,2.34,2.36,0,4213469,9912986,6208290720,7258543180,0.001602,7.456746,2013/6/30,2013/8/13,8.953264,1.49305,7.27784,0.800521,2.325877
sh600017,2013/8/20,2.33,2.38,2.33,2.36,0,4903675,11583011,6208290720,7258543180,0.001864,7.456746,2013/6/30,2013/8/13,8.953264,1.49305,7.27784,0.800521,2.325877
sh600017,2013/8/19,2.34,2.37,2.32,2.36,0.004255,6792204,15926519,6208290720,7258543180,0.002582,7.456746,2013/6/30,2013/8/13,8.953264,1.49305,7.27784,0.800521,2.325877
sh600017,2013/8/16,2.37,2.41,2.34,2.35,-0.012605,11335092,26873147,6181984400,7227786640,0.004309,7.425152,2013/6/30,2013/8/13,8.915329,1.486724,7.247004,0.797129,2.316022
sh600017,2013/8/15,2.39,2.4,2.36,2.38,-0.008333,7273463,17286214,6260903350,7320056250,0.002765,7.519941,2013/6/30,2013/8/13,9.029142,1.505703,7.339519,0.807305,2.345589
sh600017,2013/8/14,2.36,2.41,2.36,2.4,0.016949,18677318,44736561,6313515980,7381569330,0.0071,7.583131,2013/6/30,2013/8/13,9.105014,1.518356,7.401193,0.814089,2.365299
sh600017,2013/8/13,2.34,2.37,2.33,2.36,0,14104664,33194951,6208290720,7258543180,0.005362,7.456747,2013/6/30,2013/8/13,8.953265,1.49305,7.277841,0.800521,2.325877
sh600017,2013/8/12,2.3,2.38,2.28,2.36,0.026087,15234420,35383417,6208290720,7258543180,0.005791,7.456747,2013/3/31,2013/4/24,8.732838,1.423425,7.336365,0.820911,2.325877
sh600017,2013/8/9,2.31,2.32,2.29,2.3,-0.004329,3879239,8933404,6050452820,7074003940,0.001475,7.267168,2013/3/31,2013/4/24,8.510817,1.387236,7.149847,0.80004,2.266745
sh600017,2013/8/8,2.29,2.32,2.28,2.31,0.004348,6265650,14463543,6076759130,7104760480,0.002382,7.298764,2013/3/31,2013/4/24,8.54782,1.393268,7.180933,0.803519,2.2766
sh600017,2013/8/7,2.32,2.32,2.29,2.3,-0.004329,6337607,14605256,6050452820,7074003940,0.002409,7.267167,2013/3/31,2013/4/24,8.510815,1.387236,7.149846,0.80004,2.266744
sh600017,2013/8/6,2.29,2.32,2.27,2.31,0.008734,10300396,23695561,6076759130,7104760480,0.003916,7.298763,2013/3/31,2013/4/24,8.547819,1.393267,7.180932,0.803518,2.2766
sh600017,2013/8/5,2.25,2.3,2.24,2.29,0.017778,9426710,21451652,6024146500,7043247400,0.003583,7.235568,2013/3/31,2013/4/24,8.473808,1.381204,7.118757,0.796561,2.256888
sh600017,2013/8/2,2.24,2.26,2.24,2.25,0,6452263,14529286,5918921240,6920221250,0.002453,7.10918,2013/3/31,2013/4/24,8.325792,1.357078,6.99441,0.782647,2.217466
sh600017,2013/8/1,2.23,2.25,2.21,2.25,0.008969,6827752,15269984,5918921240,6920221250,0.002595,7.10918,2013/3/31,2013/4/24,8.325792,1.357078,6.99441,0.782647,2.217466
sh600017,2013/7/31,2.21,2.23,2.21,2.23,0.013636,4524793,10048608,5866308600,6858708170,0.00172,7.045985,2013/3/31,2013/4/24,8.251782,1.345014,6.932235,0.77569,2.197754
sh600017,2013/7/30,2.19,2.22,2.19,2.2,0,3286340,7255572,5787389650,6766438550,0.001249,6.951199,2013/3/31,2013/4/24,8.140775,1.32692,6.838978,0.765255,2.168189
sh600017,2013/7/29,2.22,2.23,2.19,2.2,-0.017857,5088232,11222128,5787389650,6766438550,0.001934,6.951199,2013/3/31,2013/4/24,8.140775,1.32692,6.838978,0.765255,2.168189
sh600017,2013/7/26,2.24,2.26,2.22,2.24,0,4599471,10273472,5892614920,6889464710,0.001748,7.077583,2013/3/31,2013/4/24,8.288787,1.351046,6.963323,0.779169,2.20761
sh600017,2013/7/25,2.24,2.26,2.23,2.24,0,4998172,11225415,5892614920,6889464710,0.0019,7.077583,2013/3/31,2013/4/24,8.288787,1.351046,6.963323,0.779169,2.20761
sh600017,2013/7/24,2.27,2.27,2.22,2.24,-0.013216,3672072,8244844,5892614920,6889464710,0.001396,7.077583,2013/3/31,2013/4/24,8.288787,1.351046,6.963323,0.779169,2.20761
sh600017,2013/7/23,2.22,2.28,2.21,2.27,0.022523,6329269,14291881,5971533870,6981734330,0.002406,7.172373,2013/3/31,2013/4/24,8.399799,1.369141,7.056582,0.789604,2.237177
sh600017,2013/7/22,2.23,2.24,2.2,2.22,-0.004484,3806068,8422230,5840002290,6827951630,0.001447,7.014388,2013/3/31,2013/4/24,8.214778,1.338983,6.901148,0.772212,2.187899
sh600017,2013/7/19,2.27,2.29,2.23,2.23,-0.017621,2817230,6371027,5866308600,6858708170,0.001071,7.045982,2013/3/31,2013/4/24,8.251779,1.345014,6.932232,0.77569,2.197753
sh600017,2013/7/18,2.31,2.31,2.27,2.27,-0.013043,2980032,6819150,5971533870,6981734330,0.001133,7.172366,2013/3/31,2013/4/24,8.399791,1.369139,7.056576,0.789603,2.237175
sh600017,2013/7/17,2.31,2.32,2.29,2.3,-0.008621,5885022,13568588,6050452820,7074003940,0.002237,7.267152,2013/3/31,2013/4/24,8.510798,1.387233,7.149831,0.800038,2.26674
sh600017,2013/7/16,2.28,2.32,2.27,2.32,0.017544,7594528,17433588,6103065450,7135517020,0.002887,7.330347,2013/3/31,2013/4/24,8.584807,1.399296,7.212006,0.806995,2.286451
sh600017,2013/7/15,2.25,2.28,2.25,2.28,0.013333,3178607,7215779,5997840180,7012490860,0.001208,7.20396,2013/3/31,2013/4/24,8.436792,1.37517,7.08766,0.793082,2.247029
sh600017,2013/7/12,2.29,2.3,2.25,2.25,-0.017467,7540800,17196039,5918921240,6920221250,0.002867,7.109174,2013/3/31,2013/4/24,8.325785,1.357077,6.994403,0.782647,2.217464
sh600017,2013/7/11,2.24,2.32,2.22,2.29,0.026906,11661940,26576869,6024146500,7043247400,0.004433,7.235557,2013/3/31,2013/4/24,8.473796,1.381202,7.118747,0.79656,2.256885
sh600017,2013/7/10,2.18,2.24,2.18,2.23,0.018265,5141065,11367159,5866308600,6858708170,0.001954,7.045978,2013/3/31,2013/4/24,8.251774,1.345013,6.932228,0.775689,2.197752
sh600017,2013/7/9,2.2,2.21,2.16,2.19,-0.004545,4044388,8837008,5761083340,6735682010,0.001537,6.919592,2013/3/31,2013/4/24,8.103759,1.320887,6.807882,0.761776,2.15833
sh600017,2013/7/8,2.27,2.27,2.19,2.2,-0.035088,4541500,10074956,5787389650,6766438550,0.001726,6.951185,2013/3/31,2013/4/24,8.140759,1.326918,6.838965,0.765254,2.168185
sh600017,2013/7/5,2.27,2.29,2.26,2.28,0.004405,3941566,8971367,5997840180,7012490860,0.001498,7.203958,2013/3/31,2013/4/24,8.436789,1.37517,7.087657,0.793081,2.247028
sh600017,2013/7/4,2.25,2.28,2.22,2.27,0.008889,3936442,8884782,5971533870,6981734330,0.001496,7.172363,2013/3/31,2013/4/24,8.399788,1.369139,7.056573,0.789603,2.237174
sh600017,2013/7/3,2.29,2.29,2.23,2.25,-0.017467,3574701,8055347,5918921240,6920221250,0.001359,7.10917,2013/3/31,2013/4/24,8.32578,1.357076,6.994399,0.782646,2.217463
sh600017,2013/7/2,2.3,2.3,2.26,2.29,-0.008658,4227498,9642392,6024146500,7043247400,0.001607,7.235553,2013/3/31,2013/4/24,8.473792,1.381201,7.118743,0.79656,2.256884
sh600017,2013/7/1,2.29,2.31,2.27,2.31,0.013158,6326621,14509957,6076759130,7104760480,0.002405,7.298746,2013/3/31,2013/4/24,8.547798,1.393264,7.180915,0.803516,2.276594
sh600017,2013/6/28,2.27,2.31,2.26,2.28,0,5088583,11631306,5997840180,7012490860,0.001934,7.203956,2013/3/31,2013/4/24,8.436787,1.37517,7.087656,0.793081,2.247028
sh600017,2013/6/27,2.3,2.32,2.25,2.28,-0.008696,5849940,13454907,5997840180,7012490860,0.002224,7.203956,2013/3/31,2013/4/24,8.436787,1.37517,7.087656,0.793081,2.247028
sh600017,2013/6/26,2.33,2.33,2.26,2.3,-0.012876,5380958,12307218,6050452820,7074003940,0.002046,7.267151,2013/3/31,2013/4/24,8.510797,1.387233,7.14983,0.800038,2.266739
sh600017,2013/6/25,2.4,2.4,2.18,2.33,-0.029167,6657336,15404482,6129371770,7166273560,0.002531,7.361944,2013/3/31,2013/4/24,8.621812,1.405328,7.243093,0.810474,2.296307
sh600017,2013/6/24,2.55,2.55,2.39,2.4,-0.058824,4336158,10643556,6313515980,7381569330,0.001648,7.583121,2013/3/31,2013/4/24,8.880839,1.447549,7.460699,0.834823,2.365295
sh600017,2013/6/21,2.56,2.57,2.53,2.55,-0.007782,2635153,6710250,6708110730,7842917410,0.001002,8.05707,2013/3/31,2013/4/24,9.435896,1.538021,7.926996,0.887,2.513128
sh600017,2013/6/20,2.61,2.61,2.56,2.57,-0.019084,2137200,5525131,6760723370,7904430490,0.000812,8.120261,2013/3/31,2013/4/24,9.509902,1.550084,7.989168,0.893957,2.532838
sh600017,2013/6/19,2.62,2.63,2.57,2.62,-0.003802,3286810,8537133,6892254950,8058213190,0.001249,8.278243,2013/3/31,2013/4/24,9.69492,1.580241,8.1446,0.911349,2.582115
sh600017,2013/6/18,2.61,2.63,2.6,2.63,0.007663,3612376,9430805,6918561270,8088969730,0.001373,8.309837,2013/3/31,2013/4/24,9.731921,1.586272,8.175684,0.914827,2.59197
sh600017,2013/6/17,2.6,2.62,2.58,2.61,0.003846,3044445,7923208,6865948630,8027456650,0.001157,8.246643,2013/3/31,2013/4/24,9.657912,1.574209,8.11351,0.90787,2.572259
sh600017,2013/6/14,2.6,2.61,2.59,2.6,0.003861,2942903,7649745,6839642320,7996700110,0.001119,8.215048,2013/3/31,2013/4/24,9.62091,1.568178,8.082425,0.904392,2.562404
sh600017,2013/6/13,2.62,2.63,2.57,2.59,-0.018939,5242851,13568332,6813336000,7965943570,0.001993,8.183452,2013/3/31,2013/4/24,9.583907,1.562146,8.051339,0.900913,2.552548
sh600017,2013/6/7,2.67,2.68,2.62,2.64,-0.011236,4563925,12085432,6944867580,8119726260,0.001735,8.34143,2013/3/31,2013/4/24,9.76892,1.592303,8.206766,0.918305,2.601824
sh600017,2013/6/6,2.7,2.7,2.66,2.67,-0.011111,3293281,8816183,7023786530,8211995880,0.001252,8.43622,2013/3/31,2013/4/24,9.879931,1.610398,8.300026,0.928741,2.63139
sh600017,2013/6/5,2.7,2.71,2.68,2.7,0,3801684,10220453,7102705480,8304265500,0.001445,8.531008,2013/3/31,2013/4/24,9.990941,1.628492,8.393283,0.939176,2.660956
sh600017,2013/6/4,2.74,2.75,2.68,2.7,-0.018182,8263546,22434483,7102705480,8304265500,0.003141,8.531008,2013/3/31,2013/4/24,9.990941,1.628492,8.393283,0.939176,2.660956
sh600017,2013/6/3,2.75,2.76,2.74,2.75,0,5284051,14514691,7234237070,8458048190,0.002009,8.688991,2013/3/31,2013/4/24,10.17596,1.658649,8.548716,0.956568,2.710234
sh600017,2013/5/31,2.75,2.76,2.74,2.75,0,5384346,14801238,7234237070,8458048190,0.002047,8.688991,2013/3/31,2013/4/24,10.17596,1.658649,8.548716,0.956568,2.710234
sh600017,2013/5/30,2.77,2.77,2.74,2.75,-0.003623,5648442,15548081,7234237070,8458048190,0.002147,8.688991,2013/3/31,2013/4/24,10.17596,1.658649,8.548716,0.956568,2.710234
sh600017,2013/5/29,2.76,2.78,2.75,2.76,0,7558576,20905578,7260543380,8488804730,0.002873,8.720586,2013/3/31,2013/4/24,10.212961,1.66468,8.579801,0.960046,2.720089
sh600017,2013/5/28,2.75,2.77,2.73,2.76,0,5294198,14557247,7260543380,8488804730,0.002013,8.720586,2013/3/31,2013/4/24,10.212961,1.66468,8.579801,0.960046,2.720089
sh600017,2013/5/27,2.74,2.76,2.72,2.76,0.007299,5398766,14782197,7260543380,8488804730,0.002052,8.720586,2013/3/31,2013/4/24,10.212961,1.66468,8.579801,0.960046,2.720089
sh600017,2013/5/24,2.75,2.76,2.73,2.74,-0.003636,4172430,11443981,7207930750,8427291650,0.001586,8.657395,2013/3/31,2013/4/24,10.138957,1.652618,8.517631,0.95309,2.700379
sh600017,2013/5/23,2.77,2.77,2.75,2.75,-0.010791,4729335,13043631,7234237070,8458048190,0.001798,8.688989,2013/3/31,2013/4/24,10.175957,1.658649,8.548714,0.956568,2.710233
sh600017,2013/5/22,2.77,2.78,2.75,2.78,0.00361,5342324,14778772,7313156010,8550317810,0.002031,8.783774,2013/3/31,2013/4/24,10.286964,1.676742,8.641969,0.967003,2.739798
sh600017,2013/5/21,2.77,2.77,2.75,2.77,0,4047962,11185008,7286849700,8519561270,0.001539,8.752179,2013/3/31,2013/4/24,10.249961,1.670711,8.610884,0.963524,2.729943
sh600017,2013/5/20,2.76,2.78,2.74,2.77,0.003623,5161233,14258695,7286849700,8519561270,0.001962,8.752179,2013/3/31,2013/4/24,10.249961,1.670711,8.610884,0.963524,2.729943
sh600017,2013/5/17,2.73,2.76,2.73,2.76,0.007299,5287556,14512786,7260543380,8488804730,0.00201,8.720584,2013/3/31,2013/4/24,10.21296,1.66468,8.579799,0.960046,2.720088
sh600017,2013/5/16,2.72,2.74,2.71,2.74,0.003663,2686212,7337430,7207930750,8427291650,0.001021,8.657394,2013/3/31,2013/4/24,10.138955,1.652618,8.517629,0.95309,2.700378
sh600017,2013/5/15,2.73,2.74,2.71,2.73,0,3134491,8540648,7181624430,8396535110,0.001192,8.625798,2013/3/31,2013/4/24,10.101952,1.646586,8.486543,0.949611,2.690523
sh600017,2013/5/14,2.75,2.75,2.72,2.73,-0.007273,2819418,7691893,7181624430,8396535110,0.001072,8.625798,2013/3/31,2013/4/24,10.101952,1.646586,8.486543,0.949611,2.690523
sh600017,2013/5/13,2.75,2.76,2.73,2.75,-0.003623,3616032,9924753,7234237070,8458048190,0.001375,8.688993,2013/3/31,2013/4/24,10.175962,1.65865,8.548718,0.956568,2.710234
sh600017,2013/5/10,2.75,2.76,2.73,2.76,0,2874818,7892419,7260543380,8488804730,0.001093,8.720587,2013/3/31,2013/4/24,10.212963,1.664681,8.579802,0.960047,2.720089
sh600017,2013/5/9,2.77,2.77,2.74,2.76,-0.00361,3025424,8320400,7260543380,8488804730,0.00115,8.720587,2013/3/31,2013/4/24,10.212963,1.664681,8.579802,0.960047,2.720089
sh600017,2013/5/8,2.76,2.79,2.76,2.77,0,2641836,7313679,7286849700,8519561270,0.001004,8.752183,2013/3/31,2013/4/24,10.249966,1.670712,8.610888,0.963525,2.729944
sh600017,2013/5/7,2.77,2.77,2.75,2.77,0,2787894,7682803,7286849700,8519561270,0.00106,8.752183,2013/3/31,2013/4/24,10.249966,1.670712,8.610888,0.963525,2.729944
sh600017,2013/5/6,2.75,2.77,2.74,2.77,0.007273,2900276,8002205,7286849700,8519561270,0.001103,8.752183,2013/3/31,2013/4/24,10.249966,1.670712,8.610888,0.963525,2.729944
sh600017,2013/5/3,2.73,2.76,2.73,2.75,0.011029,1744300,4797154,7234237070,8458048190,0.000663,8.688988,2013/3/31,2013/4/24,10.175956,1.658649,8.548713,0.956568,2.710233
sh600017,2013/5/2,2.73,2.76,2.72,2.72,-0.007299,3461330,9444753,7155318120,8365778580,0.001316,8.594202,2013/3/31,2013/4/24,10.06495,1.640555,8.455458,0.946133,2.680668
sh600017,2013/4/26,2.76,2.78,2.74,2.74,-0.003636,3195478,8799939,7207930750,8427291650,0.001215,8.657393,2013/3/31,2013/4/24,10.138954,1.652617,8.517628,0.953089,2.700378
sh600017,2013/4/25,2.77,2.78,2.74,2.75,-0.00722,3631212,10013508,7234237070,8458048190,0.00138,8.688986,2013/3/31,2013/4/24,10.175954,1.658648,8.548711,0.956568,2.710232
sh600017,2013/4/24,2.73,2.79,2.73,2.77,0.010949,3922275,10842439,7286849700,8519561270,0.001491,8.752176,2013/3/31,2013/4/24,10.249958,1.670711,8.610881,0.963524,2.729942
sh600017,2013/4/23,2.8,2.8,2.73,2.74,-0.021429,3848337,10603898,7207930750,8427291650,0.001463,8.657387,2012/12/31,2013/3/30,10.791469,1.768643,8.646118,0.98094,2.700376
sh600017,2013/4/22,2.77,2.8,2.76,2.8,0.003584,3315961,9227249,7365768650,8611830890,0.001261,8.846968,2012/12/31,2013/3/30,11.027783,1.807373,8.835453,1.002421,2.759509
sh600017,2013/4/19,2.75,2.79,2.74,2.79,0.018248,4277996,11887549,7339462330,8581074350,0.001626,8.815374,2012/12/31,2013/3/30,10.988401,1.800919,8.8039,0.998841,2.749655
sh600017,2013/4/18,2.76,2.77,2.74,2.74,-0.003636,2389861,6585865,7207930750,8427291650,0.000908,8.657394,2012/12/31,2013/3/30,10.791478,1.768644,8.646125,0.980941,2.700378
sh600017,2013/4/17,2.77,2.78,2.73,2.75,-0.00722,3495160,9654345,7234237070,8458048190,0.001329,8.688987,2012/12/31,2013/3/30,10.830859,1.775099,8.677677,0.984521,2.710233
sh600017,2013/4/16,2.73,2.78,2.71,2.77,0.010949,3578300,9850753,7286849700,8519561270,0.00136,8.752178,2012/12/31,2013/3/30,10.909626,1.788008,8.740786,0.991681,2.729943
sh600017,2013/4/15,2.77,2.78,2.72,2.74,-0.014388,4150895,11386585,7207930750,8427291650,0.001578,8.657388,2012/12/31,2013/3/30,10.79147,1.768643,8.646119,0.980941,2.700376
sh600017,2013/4/12,2.79,2.81,2.77,2.78,-0.003584,2601646,7232050,7313156010,8550317810,0.000989,8.783769,2012/12/31,2013/3/30,10.949005,1.794462,8.772336,0.99526,2.739797
sh600017,2013/4/11,2.8,2.81,2.78,2.79,-0.003571,2151994,6008652,7339462330,8581074350,0.000818,8.815363,2012/12/31,2013/3/30,10.988387,1.800916,8.803889,0.99884,2.749651
sh600017,2013/4/10,2.8,2.81,2.78,2.8,0,2575657,7186362,7365768650,8611830890,0.000979,8.846956,2012/12/31,2013/3/30,11.027767,1.80737,8.83544,1.00242,2.759506
sh600017,2013/4/9,2.78,2.82,2.78,2.8,0.007194,3986503,11172709,7365768650,8611830890,0.001515,8.846956,2012/12/31,2013/3/30,11.027767,1.80737,8.83544,1.00242,2.759506
sh600017,2013/4/8,2.8,2.8,2.76,2.78,-0.010676,3688175,10238233,7313156010,8550317810,0.001402,8.783765,2012/12/31,2013/3/30,10.949,1.794461,8.772332,0.99526,2.739795
sh600017,2013/4/3,2.8,2.83,2.79,2.81,0.003571,4813364,13545561,7392074960,8642587430,0.00183,8.878553,2012/12/31,2013/3/30,11.067153,1.813826,8.866996,1.006,2.769361
sh600017,2013/4/2,2.8,2.82,2.79,2.8,0,3122832,8759897,7365768650,8611830890,0.001187,8.84696,2012/12/31,2013/3/30,11.027773,1.807371,8.835445,1.00242,2.759507
sh600017,2013/4/1,2.81,2.82,2.79,2.8,-0.007092,3546599,9946923,7365768650,8611830890,0.001348,8.84696,2012/12/31,2013/3/30,11.027773,1.807371,8.835445,1.00242,2.759507
sh600017,2013/3/29,2.83,2.84,2.81,2.82,-0.003534,2614287,7383346,7418381280,8673343960,0.000994,8.910151,2012/9/30,2012/10/23,13.078373,1.889879,9.280522,1.029971,2.779217
sh600017,2013/3/28,2.88,2.88,2.8,2.83,-0.017361,5234160,14836895,7444687600,8704100500,0.00199,8.941751,2012/9/30,2012/10/23,13.124756,1.896582,9.313436,1.033624,2.789074
sh600017,2013/3/27,2.89,2.9,2.86,2.88,-0.00346,4680108,13473098,7576219180,8857883200,0.001779,9.099732,2012/9/30,2012/10/23,13.356641,1.93009,9.477983,1.051886,2.83835
sh600017,2013/3/26,2.85,2.9,2.82,2.89,0.014035,9133817,26089898,7602525500,8888639740,0.003472,9.131326,2012/9/30,2012/10/23,13.403015,1.936791,9.510891,1.055538,2.848205
sh600017,2013/3/25,2.88,2.88,2.84,2.85,-0.006969,5638995,16093323,7497300230,8765613580,0.002144,9.004942,2012/9/30,2012/10/23,13.217507,1.909984,9.379253,1.040929,2.808784
sh600017,2013/3/22,2.82,2.87,2.81,2.87,0.01773,10721013,30546769,7549912860,8827126660,0.004075,9.068137,2012/9/30,2012/10/23,13.310267,1.923389,9.445076,1.048234,2.828496
sh600017,2013/3/21,2.84,2.84,2.81,2.82,-0.007042,6787326,19170361,7418381280,8673343960,0.00258,8.91016,2012/9/30,2012/10/23,13.078387,1.889881,9.280532,1.029973,2.77922
sh600017,2013/3/20,2.8,2.84,2.78,2.84,0.014286,6692724,18827897,7470993910,8734857040,0.002544,8.973351,2012/9/30,2012/10/23,13.171138,1.903284,9.346349,1.037277,2.79893
sh600017,2013/3/19,2.77,2.8,2.75,2.8,0.003584,4028377,11172183,7365768650,8611830890,0.001531,8.846963,2012/9/30,2012/10/23,12.985625,1.876477,9.214708,1.022667,2.759508
sh600017,2013/3/18,2.8,2.8,2.77,2.79,-0.007117,3179400,8868464,7339462330,8581074350,0.001209,8.815369,2012/9/30,2012/10/23,12.939251,1.869775,9.1818,1.019015,2.749653
sh600017,2013/3/15,2.79,2.84,2.77,2.81,0.007168,4959385,13905049,7392074960,8642587430,0.001885,8.878557,2012/9/30,2012/10/23,13.032,1.883178,9.247615,1.026319,2.769363
sh600017,2013/3/14,2.8,2.81,2.78,2.79,-0.003571,2117169,5911234,7339462330,8581074350,0.000805,8.815369,2012/9/30,2012/10/23,12.939251,1.869775,9.1818,1.019015,2.749653
sh600017,2013/3/13,2.8,2.81,2.77,2.8,0.003584,3316274,9245441,7365768650,8611830890,0.001261,8.846961,2012/9/30,2012/10/23,12.985623,1.876476,9.214706,1.022667,2.759507
sh600017,2013/3/12,2.83,2.85,2.78,2.79,-0.017606,5722768,16073032,7339462330,8581074350,0.002175,8.815367,2012/9/30,2012/10/23,12.939249,1.869775,9.181798,1.019015,2.749653
sh600017,2013/3/11,2.85,2.86,2.83,2.84,-0.003509,2665170,7577010,7470993910,8734857040,0.001013,8.973352,2012/9/30,2012/10/23,13.17114,1.903284,9.34635,1.037277,2.79893
sh600017,2013/3/8,2.85,2.86,2.83,2.85,0,3568028,10146912,7497300230,8765613580,0.001356,9.00495,2012/9/30,2012/10/23,13.21752,1.909986,9.379262,1.04093,2.808787
sh600017,2013/3/7,2.87,2.89,2.84,2.85,-0.006969,6470407,18523638,7497300230,8765613580,0.00246,9.00495,2012/9/30,2012/10/23,13.21752,1.909986,9.379262,1.04093,2.808787
sh600017,2013/3/6,2.84,2.88,2.82,2.87,0.014134,7228383,20629824,7549912860,8827126660,0.002748,9.068146,2012/9/30,2012/10/23,13.310279,1.92339,9.445085,1.048235,2.828498
sh600017,2013/3/5,2.79,2.83,2.79,2.83,0.010714,5511504,15509746,7444687600,8704100500,0.002095,8.941763,2012/9/30,2012/10/23,13.124774,1.896584,9.313449,1.033626,2.789077
sh600017,2013/3/4,2.86,2.86,2.77,2.8,-0.027778,11189148,31572960,7365768650,8611830890,0.004253,8.846977,2012/9/30,2012/10/23,12.985646,1.876479,9.214722,1.022669,2.759512
sh600017,2013/3/1,2.89,2.9,2.85,2.88,-0.006897,7902091,22663949,7576219180,8857883200,0.003004,9.09975,2012/9/30,2012/10/23,13.356667,1.930094,9.478002,1.051888,2.838356
sh600017,2013/2/28,2.87,2.9,2.85,2.9,0.013986,6519115,18738979,7628831810,8919396280,0.002478,9.162946,2012/9/30,2012/10/23,13.449428,1.943498,9.543826,1.059193,2.858068
sh600017,2013/2/27,2.84,2.88,2.84,2.86,0.003509,4086859,11680031,7523606550,8796370120,0.001554,9.036561,2012/9/30,2012/10/23,13.263919,1.916691,9.412187,1.044584,2.818646
sh600017,2013/2/26,2.88,2.9,2.84,2.85,-0.017241,10056030,28865152,7497300230,8765613580,0.003823,9.004963,2012/9/30,2012/10/23,13.217538,1.909989,9.379275,1.040931,2.80879
sh600017,2013/2/25,2.88,2.91,2.88,2.9,0.006944,5560360,16112858,7628831810,8919396280,0.002114,9.162941,2012/9/30,2012/10/23,13.44942,1.943497,9.54382,1.059193,2.858066
sh600017,2013/2/22,2.9,2.91,2.88,2.88,-0.006897,4671349,13515804,7576219180,8857883200,0.001776,9.099752,2012/9/30,2012/10/23,13.356671,1.930094,9.478005,1.051888,2.838357
sh600017,2013/2/21,2.95,2.95,2.89,2.9,-0.02027,10568963,30788307,7628831810,8919396280,0.004018,9.162949,2012/9/30,2012/10/23,13.449432,1.943498,9.543829,1.059194,2.858069
sh600017,2013/2/20,2.94,2.97,2.93,2.96,0.006803,6648924,19615987,7786669710,9103935510,0.002528,9.352525,2012/9/30,2012/10/23,13.727692,1.983708,9.741284,1.081108,2.917201
sh600017,2013/2/19,2.98,2.99,2.93,2.94,-0.013423,9392451,27731272,7734057080,9042422430,0.00357,9.28933,2012/9/30,2012/10/23,13.634934,1.970304,9.675462,1.073803,2.897489
sh600017,2013/2/18,2.99,3,2.98,2.98,0,8783685,26275524,7839282350,9165448590,0.003339,9.415717,2012/9/30,2012/10/23,13.820445,1.997112,9.807103,1.088412,2.936911
sh600017,2013/2/8,2.97,2.99,2.96,2.98,0.006757,5886661,17546374,7839282350,9165448590,0.002238,9.415717,2012/9/30,2012/10/23,13.820445,1.997112,9.807103,1.088412,2.936911
sh600017,2013/2/7,2.96,2.98,2.94,2.96,-0.003367,6973853,20639469,7786669710,9103935510,0.002651,9.352522,2012/9/30,2012/10/23,13.727687,1.983708,9.741281,1.081107,2.9172
sh600017,2013/2/6,2.99,3,2.95,2.97,-0.006689,8143737,24197808,7812976030,9134692050,0.003096,9.384118,2012/9/30,2012/10/23,13.774065,1.990409,9.774191,1.08476,2.927055
sh600017,2013/2/5,2.95,2.99,2.94,2.99,0.017007,14603685,43392850,7865588660,9196205130,0.005551,9.447311,2012/9/30,2012/10/23,13.86682,2.003813,9.840011,1.092065,2.946766
sh600017,2013/2/4,2.94,2.96,2.93,2.94,0.003413,9262994,27256315,7734057080,9042422430,0.003521,9.289327,2012/9/30,2012/10/23,13.634931,1.970304,9.67546,1.073802,2.897488
sh600017,2013/2/1,2.93,2.94,2.91,2.93,-0.003401,9823687,28762053,7707750760,9011665890,0.003734,9.257731,2012/9/30,2012/10/23,13.588553,1.963602,9.64255,1.07015,2.887633
sh600017,2013/1/31,2.94,2.97,2.93,2.94,-0.00339,11565625,34077657,7734057080,9042422430,0.004397,9.289324,2012/9/30,2012/10/23,13.634925,1.970303,9.675456,1.073802,2.897487
sh600017,2013/1/30,2.9,2.97,2.9,2.95,0.013746,19691931,57779494,7760363400,9073178970,0.007486,9.320922,2012/9/30,2012/10/23,13.681305,1.977005,9.708368,1.077455,2.907343
sh600017,2013/1/29,2.92,2.93,2.9,2.91,0,9162125,26652554,7655138130,8950152810,0.003483,9.194534,2012/9/30,2012/10/23,13.495792,1.950198,9.576726,1.062845,2.867921
sh600017,2013/1/28,2.87,2.92,2.87,2.91,0.013937,9298494,26952501,7655138130,8950152810,0.003535,9.194534,2012/9/30,2012/10/23,13.495792,1.950198,9.576726,1.062845,2.867921
sh600017,2013/1/25,2.87,2.89,2.85,2.87,-0.003472,6630700,19023638,7549912860,8827126660,0.002521,9.068151,2012/9/30,2012/10/23,13.310286,1.923391,9.44509,1.048236,2.8285
sh600017,2013/1/24,2.92,2.96,2.85,2.88,-0.017065,12899088,37483585,7576219180,8857883200,0.004903,9.099745,2012/9/30,2012/10/23,13.356661,1.930093,9.477997,1.051888,2.838355
sh600017,2013/1/23,2.96,2.99,2.9,2.93,-0.016779,13254025,38923876,7707750760,9011665890,0.005038,9.257728,2012/9/30,2012/10/23,13.588549,1.963602,9.642547,1.07015,2.887632
sh600017,2013/1/22,2.95,3.02,2.91,2.98,0.006757,21298735,63305216,7839282350,9165448590,0.008096,9.415715,2012/9/30,2012/10/23,13.820442,1.997111,9.807101,1.088412,2.93691
sh600017,2013/1/21,2.93,2.96,2.88,2.96,0.010239,19701191,57621675,7786669710,9103935510,0.007489,9.35252,2012/9/30,2012/10/23,13.727684,1.983707,9.741279,1.081107,2.917199
sh600017,2013/1/18,2.91,2.93,2.88,2.93,0.010345,10430934,30361669,7707750760,9011665890,0.003965,9.25773,2012/9/30,2012/10/23,13.588551,1.963602,9.642549,1.07015,2.887632
sh600017,2013/1/17,2.89,2.95,2.87,2.9,0.006944,14536168,42309570,7628831810,8919396280,0.005526,9.162939,2012/9/30,2012/10/23,13.449417,1.943496,9.543818,1.059193,2.858066
sh600017,2013/1/16,2.91,2.92,2.86,2.88,-0.010309,9625328,27786933,7576219180,8857883200,0.003659,9.09975,2012/9/30,2012/10/23,13.356668,1.930094,9.478003,1.051888,2.838356
sh600017,2013/1/15,2.87,2.93,2.87,2.91,0.013937,13959491,40478696,7655138130,8950152810,0.005307,9.194537,2012/9/30,2012/10/23,13.495797,1.950198,9.576729,1.062845,2.867922
sh600017,2013/1/14,2.8,2.89,2.8,2.87,0.021352,12256297,34982019,7549912860,8827126660,0.004659,9.068154,2012/9/30,2012/10/23,13.310291,1.923392,9.445093,1.048236,2.828501
sh600017,2013/1/11,2.88,2.89,2.81,2.81,-0.027682,8717936,24816096,7392074960,8642587430,0.003314,8.878579,2012/9/30,2012/10/23,13.032031,1.883182,9.247638,1.026322,2.769369
sh600017,2013/1/10,2.85,2.9,2.84,2.89,0.01049,10873092,31239599,7602525500,8888639740,0.004133,9.131353,2012/9/30,2012/10/23,13.403054,1.936797,9.510919,1.055541,2.848213
sh600017,2013/1/9,2.86,2.87,2.84,2.86,0.003509,9320269,26622930,7523606550,8796370120,0.003543,9.036559,2012/9/30,2012/10/23,13.263916,1.916691,9.412185,1.044584,2.818646
sh600017,2013/1/8,2.87,2.87,2.84,2.85,-0.010417,9117099,26032102,7497300230,8765613580,0.003466,9.004961,2012/9/30,2012/10/23,13.217536,1.909989,9.379273,1.040931,2.80879
sh600017,2013/1/7,2.87,2.88,2.85,2.88,0.003484,5465418,15652529,7576219180,8857883200,0.002078,9.099753,2012/9/30,2012/10/23,13.356672,1.930094,9.478005,1.051889,2.838357
sh600017,2013/1/4,2.89,2.92,2.86,2.87,-0.00692,7735684,22311815,7549912860,8827126660,0.002941,9.06816,2012/9/30,2012/10/23,13.310299,1.923393,9.445099,1.048237,2.828502
